BuildProj[Oahu_CentralTrackingPV_398_na,2037]	934414.319472
BuildProj[Oahu_CentralTrackingPV_462_na,2037]	933902.265959
BuildProj[Oahu_OnshoreWind_410_na,2037]	1102768.66149
BuildProj[Oahu_CentralTrackingPV_366_na,2021]	4085878.54871
BuildProj[Oahu_CentralTrackingPV_218_na,2021]	4083524.6744
BuildProj[Oahu_CentralTrackingPV_559_na,2037]	942299.412867
BuildProj[Oahu_CentralTrackingPV_703_na,2037]	932265.062059
BuildProj[Oahu_CentralTrackingPV_507_na,2037]	927808.152797
BuildProj[Oahu_CentralTrackingPV_37_na,2021]	4095835.31508
BuildProj[Oahu_CentralTrackingPV_294_na,2021]	4089606.60382
BuildProj[Oahu_CentralTrackingPV_606_na,2037]	938954.109262
BuildProj[Oahu_CentralTrackingPV_375_na,2037]	940744.310948
BuildProj[Oahu_CentralTrackingPV_719_na,2021]	4078649.54814
BuildProj[Oahu_CentralTrackingPV_225_na,2021]	4091055.56456
BuildProj[Oahu_CentralTrackingPV_336_na,2021]	4095010.02305
BuildProj[Oahu_CentralTrackingPV_119_na,2037]	937478.904384
BuildProj[Oahu_CentralTrackingPV_553_na,2037]	939210.470229
BuildProj[Oahu_OnshoreWind_408_na,2021]	3957287.05266
BuildProj[Oahu_CentralTrackingPV_253_na,2037]	936041.786959
BuildProj[Oahu_CentralTrackingPV_130_na,2037]	933419.119894
BuildProj[Oahu_CentralTrackingPV_172_na,2021]	4092629.08504
BuildProj[Oahu_CentralTrackingPV_686_na,2021]	4067628.77711
BuildProj[Oahu_CentralTrackingPV_485_na,2021]	4070262.80309
BuildProj[Oahu_CentralTrackingPV_263_na,2037]	940451.483849
BuildProj[Oahu_CentralTrackingPV_576_na,2021]	4100831.40622
BuildProj[Oahu_CentralTrackingPV_118_na,2021]	4079642.06496
BuildProj[Oahu_CentralTrackingPV_347_na,2021]	4067257.69448
BuildProj[Oahu_CentralTrackingPV_411_na,2021]	4097762.12108
BuildProj[Oahu_CentralTrackingPV_48_na,2021]	4088798.22495
BuildProj[Oahu_CentralTrackingPV_42_na,2021]	4086618.89974
BuildProj[Oahu_OnshoreWind_410_na,2021]	3945695.6625
BuildProj[Oahu_CentralTrackingPV_206_na,2037]	931626.485197
BuildProj[Oahu_CentralTrackingPV_161_na,2021]	4075160.26158
BuildProj[Oahu_CentralTrackingPV_7_na,2021]	4095700.52785
BuildProj[Oahu_CentralTrackingPV_49_na,2021]	4089316.07049
BuildProj[Oahu_CentralTrackingPV_158_na,2021]	4075576.26402
BuildProj[Oahu_CentralTrackingPV_489_na,2037]	933197.822437
BuildProj[Oahu_CentralTrackingPV_31_na,2037]	941977.167377
BuildProj[Oahu_CentralTrackingPV_617_na,2021]	4078677.06146
BuildProj[Oahu_CentralTrackingPV_550_na,2037]	929690.842829
BuildProj[Oahu_CentralTrackingPV_620_na,2021]	4085477.15522
BuildProj[Oahu_CentralTrackingPV_691_na,2037]	930405.347805
BuildProj[Oahu_CentralTrackingPV_300_na,2021]	4096815.85786
BuildProj[Oahu_CentralTrackingPV_256_na,2037]	937310.07769
BuildProj[Oahu_CentralTrackingPV_236_na,2037]	930826.558702
BuildProj[Oahu_CentralTrackingPV_305_na,2037]	929775.947086
BuildProj[Oahu_CentralTrackingPV_133_na,2021]	4078097.07418
BuildProj[Oahu_CentralTrackingPV_506_na,2021]	4062457.9487
BuildProj[Oahu_CentralTrackingPV_684_na,2037]	930130.188906
BuildProj[Oahu_CentralTrackingPV_184_na,2037]	933900.516006
BuildProj[Oahu_CentralTrackingPV_663_na,2021]	4076380.93601
BuildProj[Oahu_CentralTrackingPV_188_na,2037]	936323.11315
BuildProj[Oahu_CentralTrackingPV_187_na,2037]	935940.538746
BuildProj[Oahu_CentralTrackingPV_394_na,2037]	932685.942929
BuildProj[Oahu_CentralTrackingPV_30_na,2021]	4099344.51611
BuildProj[Oahu_CentralTrackingPV_547_na,2037]	928310.723465
BuildProj[Oahu_CentralTrackingPV_2_na,2021]	4097453.4843
BuildProj[Oahu_IC_Schofield,2021]	3240650.06984
BuildProj[Oahu_CentralTrackingPV_98_na,2037]	940015.532143
BuildProj[Oahu_CentralTrackingPV_427_na,2037]	930754.350782
BuildProj[Oahu_CentralTrackingPV_40_na,2021]	4099142.28776
BuildProj[Oahu_CentralTrackingPV_185_na,2021]	4082570.48841
BuildProj[Oahu_CentralTrackingPV_222_na,2037]	937192.076727
BuildProj[Oahu_CentralTrackingPV_297_na,2037]	939286.047119
BuildProj[Oahu_CentralTrackingPV_500_na,2021]	4061658.6014
BuildProj[Oahu_CentralTrackingPV_463_na,2021]	4080368.46909
BuildProj[Oahu_CentralTrackingPV_458_na,2021]	4074413.46846
BuildProj[Oahu_CentralTrackingPV_672_na,2037]	928054.656776
BuildProj[Oahu_CentralTrackingPV_648_na,2021]	4074635.057
BuildProj[Oahu_CentralTrackingPV_60_na,2037]	936757.022424
BuildProj[Oahu_CentralTrackingPV_418_na,2021]	4064192.73675
BuildProj[Oahu_CentralTrackingPV_702_na,2021]	4072868.55514
BuildProj[Oahu_CentralTrackingPV_487_na,2037]	932270.22296
BuildProj[Oahu_CentralTrackingPV_483_na,2037]	929661.187824
BuildProj[Oahu_CentralTrackingPV_508_na,2021]	4064191.50856
BuildProj[Oahu_CentralTrackingPV_34_na,2037]	937925.641376
BuildProj[Oahu_CentralTrackingPV_525_na,2021]	4059870.98355
BuildProj[Oahu_CentralTrackingPV_397_na,2021]	4079326.10163
BuildProj[Oahu_CentralTrackingPV_78_na,2021]	4087401.85876
BuildProj[Oahu_CentralTrackingPV_44_na,2021]	4087161.80824
BuildProj[Oahu_CentralTrackingPV_175_na,2037]	932263.71915
BuildProj[Oahu_CentralTrackingPV_159_na,2037]	932394.39349
BuildProj[Oahu_CentralTrackingPV_464_na,2037]	934839.279081
BuildProj[Oahu_CentralTrackingPV_328_na,2021]	4085404.47714
BuildProj[Oahu_CentralTrackingPV_41_na,2037]	936690.698912
BuildProj[Oahu_CentralTrackingPV_88_na,2021]	4082348.43678
BuildProj[Oahu_CentralTrackingPV_350_na,2021]	4068469.37507
BuildProj[Oahu_CentralTrackingPV_227_na,2037]	939348.227591
BuildProj[Oahu_CentralTrackingPV_299_na,2021]	4095594.97342
BuildProj[Oahu_CentralTrackingPV_434_na,2037]	934149.306519
BuildProj[Oahu_CentralTrackingPV_303_na,2021]	4068877.35714
BuildProj[Oahu_CentralTrackingPV_349_na,2021]	4067977.01517
BuildProj[Oahu_CentralTrackingPV_496_na,2021]	4099170.71689
BuildProj[Oahu_OnshoreWind_409_na,2021]	3951284.29367
BuildProj[Oahu_CentralTrackingPV_469_na,2037]	941721.631542
BuildProj[Oahu_CentralTrackingPV_420_na,2021]	4064943.92544
BuildProj[Oahu_IC_MCBH,2037]	1148898.02341
BuildProj[Oahu_OnshoreWind_506_na,2021]	3963160.67857
BuildProj[Oahu_CentralTrackingPV_541_na,2021]	4058052.96585
BuildProj[Oahu_CentralTrackingPV_354_na,2037]	930847.983997
BuildProj[Oahu_CentralTrackingPV_593_na,2021]	4061583.13378
BuildProj[Oahu_CentralTrackingPV_124_na,2037]	939281.687424
BuildProj[Oahu_CentralTrackingPV_415_na,2021]	4065367.08177
BuildProj[Oahu_CentralTrackingPV_232_na,2021]	4071298.97693
BuildProj[Oahu_CentralTrackingPV_369_na,2021]	4089503.45775
BuildProj[Oahu_CentralTrackingPV_91_na,2021]	4083568.93527
BuildProj[Oahu_CentralTrackingPV_61_na,2037]	936929.515198
BuildProj[Oahu_CentralTrackingPV_116_na,2037]	933970.131678
BuildProj[Oahu_CentralTrackingPV_4_na,2021]	4098484.6193
BuildProj[Oahu_Kahe_K6,1981]	4907190.29111
BuildProj[Oahu_CentralTrackingPV_173_na,2021]	4093724.22474
BuildProj[Oahu_CentralTrackingPV_260_na,2037]	939078.808323
BuildProj[Oahu_CentralTrackingPV_613_na,2021]	4084088.89932
BuildProj[Oahu_CentralTrackingPV_378_na,2037]	928935.748949
BuildProj[Oahu_CentralTrackingPV_357_na,2037]	932619.521038
BuildProj[Oahu_CentralTrackingPV_597_na,2021]	4092415.15355
BuildProj[Oahu_CentralTrackingPV_437_na,2037]	935539.420444
BuildProj[Oahu_CentralTrackingPV_211_na,2021]	4075815.8226
BuildProj[Oahu_CentralTrackingPV_377_na,2021]	4099504.23066
BuildProj[Oahu_CentralTrackingPV_688_na,2021]	4068676.39264
BuildProj[Oahu_CentralTrackingPV_570_na,2037]	939121.9601
BuildProj[Oahu_CentralTrackingPV_716_na,2037]	933063.83276
BuildProj[Oahu_CentralTrackingPV_393_na,2037]	932278.283474
BuildProj[Oahu_CentralTrackingPV_728_na,2021]	4083038.26308
BuildProj[Oahu_CentralTrackingPV_408_na,2037]	939578.180017
BuildProj[Oahu_CentralTrackingPV_292_na,2037]	937021.859728
BuildProj[Oahu_CentralTrackingPV_459_na,2037]	932529.919615
BuildProj[Oahu_CentralTrackingPV_502_na,2037]	926654.583982
BuildProj[Oahu_CentralTrackingPV_21_na,2021]	4099633.35852
BuildProj[Oahu_CentralTrackingPV_630_na,2037]	934429.099203
BuildProj[Oahu_CentralTrackingPV_552_na,2021]	4091648.4592
BuildProj[Oahu_CentralTrackingPV_598_na,2037]	939517.711449
BuildProj[Oahu_CentralTrackingPV_115_na,2021]	4079266.84358
BuildProj[Oahu_CentralTrackingPV_146_na,2021]	4086419.52798
BuildProj[Oahu_Kahe_K4,1972]	3121928.07403
BuildProj[Oahu_CentralTrackingPV_1_na,2021]	4096990.52122
BuildProj[Oahu_CentralTrackingPV_162_na,2037]	933791.932243
BuildProj[Oahu_CentralTrackingPV_377_na,2037]	941715.231884
BuildProj[Oahu_CentralTrackingPV_47_na,2037]	937423.962269
BuildProj[Oahu_OnshoreWind_206_na,2021]	3959448.46852
BuildProj[Oahu_CentralTrackingPV_389_na,2037]	930431.319594
BuildProj[Oahu_CentralTrackingPV_401_na,2037]	935776.792713
BuildProj[Oahu_CentralTrackingPV_491_na,2037]	934149.833782
BuildProj[Oahu_CentralTrackingPV_560_na,2037]	925123.860716
BuildProj[Oahu_CentralTrackingPV_113_na,2021]	4079446.28411
BuildProj[Oahu_CentralTrackingPV_405_na,2021]	4088923.3915
BuildProj[Oahu_CentralTrackingPV_400_na,2021]	4082831.04737
BuildProj[Oahu_CentralTrackingPV_234_na,2021]	4071050.26191
BuildProj[Oahu_CentralTrackingPV_107_na,2037]	938219.661535
BuildProj[Oahu_CentralTrackingPV_409_na,2021]	4095202.9266
BuildProj[Oahu_CentralTrackingPV_654_na,2037]	928277.115932
BuildProj[Oahu_CentralTrackingPV_537_na,2021]	4098576.91772
BuildProj[Oahu_CentralTrackingPV_407_na,2021]	4092678.20977
BuildProj[Oahu_CentralTrackingPV_239_na,2021]	4071906.41079
BuildProj[Oahu_CentralTrackingPV_538_na,2037]	941876.045056
BuildProj[Oahu_CentralTrackingPV_657_na,2021]	4067826.58527
BuildProj[Oahu_CentralTrackingPV_284_na,2021]	4078676.05403
BuildProj[Oahu_CentralTrackingPV_474_na,2037]	927111.003877
BuildProj[Oahu_CentralTrackingPV_103_na,2021]	4080817.31112
BuildProj[Oahu_CentralTrackingPV_592_na,2037]	926666.741206
BuildProj[Oahu_Chevron_GEN1_GEN2_GEN3,1990]	1774263.38925
BuildProj[Oahu_CentralTrackingPV_516_na,2021]	4094895.26213
BuildProj[Oahu_CentralTrackingPV_528_na,2021]	4063233.43994
BuildProj[Oahu_CentralTrackingPV_511_na,2021]	4067253.9169
BuildProj[Oahu_CentralTrackingPV_259_na,2037]	938630.763778
BuildProj[Oahu_CentralTrackingPV_75_na,2037]	936437.335604
BuildProj[Oahu_CentralTrackingPV_729_na,2037]	935225.122456
BuildProj[Oahu_IC_Barge,2021]	1860119.69356
BuildProj[Oahu_Kalaeloa_CC1_CC2,1989]	3704880.6989
BuildProj[Oahu_CentralTrackingPV_1_na,2037]	940750.167493
BuildProj[Oahu_CentralTrackingPV_273_na,2021]	4070235.47465
BuildProj[Oahu_CentralTrackingPV_165_na,2021]	4085428.51668
BuildProj[Oahu_CentralTrackingPV_424_na,2021]	4067385.84132
BuildProj[Oahu_OnshoreWind_301_na,2037]	1097192.0516
BuildProj[Oahu_CentralTrackingPV_441_na,2021]	4094737.12351
BuildProj[Oahu_CentralTrackingPV_711_na,2037]	932539.427175
BuildProj[Oahu_CentralTrackingPV_501_na,2037]	926586.395038
BuildProj[Oahu_CentralTrackingPV_207_na,2021]	4073612.0245
BuildProj[Oahu_CentralTrackingPV_644_na,2021]	4069573.03712
BuildProj[Oahu_CentralTrackingPV_403_na,2021]	4086453.92225
BuildProj[Oahu_CentralTrackingPV_544_na,2037]	927047.27284
BuildProj[Oahu_CentralTrackingPV_368_na,2037]	937409.726782
BuildProj[Oahu_CentralTrackingPV_23_na,2021]	4101267.44406
BuildProj[Oahu_CentralTrackingPV_656_na,2037]	929112.404482
BuildProj[Oahu_CentralTrackingPV_264_na,2021]	4097417.71674
BuildProj[Oahu_CentralTrackingPV_229_na,2021]	4072278.24202
BuildProj[Oahu_CentralTrackingPV_123_na,2037]	938905.413389
BuildProj[Oahu_CentralTrackingPV_472_na,2037]	927905.543196
BuildProj[Oahu_CentralTrackingPV_79_na,2037]	938715.570805
BuildProj[Oahu_CentralTrackingPV_433_na,2037]	933692.908733
BuildProj[Oahu_CentralTrackingPV_593_na,2037]	927156.548298
BuildProj[Oahu_CentralTrackingPV_174_na,2021]	4075312.24346
BuildProj[Oahu_CentralTrackingPV_288_na,2021]	4082817.97464
BuildProj[Oahu_CentralTrackingPV_413_na,2037]	942030.025175
BuildProj[Oahu_CentralTrackingPV_444_na,2021]	4098611.72909
BuildProj[Oahu_CentralTrackingPV_517_na,2037]	940451.829515
BuildProj[Oahu_CentralTrackingPV_9_na,2037]	941064.764103
BuildProj[Oahu_OnshoreWind_101_na,2021]	3961588.36344
BuildProj[Oahu_CentralTrackingPV_258_na,2021]	4090314.66244
BuildProj[Oahu_CentralTrackingPV_651_na,2037]	933657.647163
BuildProj[Oahu_CentralTrackingPV_50_na,2021]	4095515.01918
BuildProj[Oahu_CentralTrackingPV_38_na,2021]	4097435.83272
BuildProj[Oahu_CentralTrackingPV_291_na,2037]	936585.440421
BuildProj[Oahu_CentralTrackingPV_615_na,2037]	936837.743608
BuildProj[Oahu_OnshoreWind_502_na,2037]	1104427.99793
BuildProj[Oahu_CentralTrackingPV_373_na,2037]	939776.113694
BuildProj[Oahu_CentralTrackingPV_609_na,2021]	4086818.09141
BuildProj[Oahu_CentralTrackingPV_129_na,2037]	933443.147446
BuildProj[Oahu_CentralTrackingPV_461_na,2037]	933435.601648
BuildProj[Oahu_CentralTrackingPV_653_na,2021]	4063491.06185
BuildProj[Oahu_CentralTrackingPV_346_na,2021]	4067043.83529
BuildProj[Oahu_CentralTrackingPV_342_na,2021]	4067235.08412
BuildProj[Oahu_CentralTrackingPV_367_na,2021]	4087072.01108
BuildProj[Oahu_CentralTrackingPV_212_na,2021]	4076505.92825
BuildProj[Oahu_CentralTrackingPV_370_na,2037]	938345.108332
BuildProj[Oahu_CentralTrackingPV_106_na,2021]	4089525.66193
BuildProj[Oahu_CentralTrackingPV_608_na,2037]	936324.642298
BuildProj[Oahu_CentralTrackingPV_109_na,2037]	938912.438154
BuildProj[Oahu_CentralTrackingPV_362_na,2037]	934696.138847
BuildProj[Oahu_CentralTrackingPV_664_na,2021]	4077663.42482
BuildProj[Oahu_OnshoreWind_401_na,2021]	3949367.91914
BuildProj[Oahu_CentralTrackingPV_621_na,2021]	4078782.41473
BuildProj[Oahu_CentralTrackingPV_141_na,2021]	4077905.69507
BuildProj[Oahu_OnshoreWind_207_na,2021]	3933005.82362
BuildProj[Oahu_CentralTrackingPV_535_na,2021]	4095918.67648
BuildProj[Oahu_CentralTrackingPV_673_na,2021]	4065499.97442
BuildProj[Oahu_CentralTrackingPV_713_na,2021]	4077558.37643
BuildProj[Oahu_CentralTrackingPV_137_na,2021]	4090249.4277
BuildProj[Oahu_CentralTrackingPV_611_na,2021]	4089542.98984
BuildProj[Oahu_CentralTrackingPV_29_na,2037]	941335.980745
BuildProj[Oahu_CentralTrackingPV_519_na,2037]	941466.297831
BuildProj[Oahu_CentralTrackingPV_246_na,2037]	932742.547242
BuildProj[Oahu_CentralTrackingPV_61_na,2021]	4087038.84359
BuildProj[Oahu_CentralTrackingPV_272_na,2037]	930374.641307
BuildProj[Oahu_CentralTrackingPV_557_na,2021]	4098334.5926
BuildProj[Oahu_CentralTrackingPV_365_na,2037]	936030.338779
BuildProj[Oahu_CentralTrackingPV_142_na,2037]	933147.650896
BuildProj[Oahu_CentralTrackingPV_103_na,2037]	934540.941816
BuildProj[Oahu_CentralTrackingPV_189_na,2021]	4086468.20711
BuildProj[Oahu_CentralTrackingPV_483_na,2021]	4068106.98448
BuildProj[Oahu_Waiau_W10_W9,1973]	1749253.52177
BuildProj[Oahu_CentralTrackingPV_13_na,2021]	4094904.45523
BuildProj[Oahu_CentralTrackingPV_332_na,2021]	4090127.78678
BuildProj[Oahu_CentralTrackingPV_425_na,2037]	930028.192346
BuildProj[Oahu_CentralTrackingPV_505_na,2021]	4061729.25764
BuildProj[Oahu_CentralTrackingPV_471_na,2021]	4064286.09235
BuildProj[Oahu_CentralTrackingPV_320_na,2037]	932979.715292
BuildProj[Oahu_CentralTrackingPV_112_na,2037]	934084.14369
BuildProj[Oahu_CentralTrackingPV_216_na,2021]	4081577.2314
BuildProj[Oahu_CentralTrackingPV_615_na,2021]	4086799.80554
BuildProj[Oahu_CentralTrackingPV_314_na,2021]	4070903.65048
BuildProj[Oahu_CentralTrackingPV_622_na,2021]	4080146.60692
BuildProj[Oahu_CentralTrackingPV_58_na,2037]	936466.423714
BuildProj[Oahu_Tesoro_GEN1,1982]	1759347.69769
BuildProj[Oahu_CentralTrackingPV_265_na,2037]	930766.741428
BuildProj[Oahu_CentralTrackingPV_518_na,2021]	4097533.6829
BuildProj[Oahu_CentralTrackingPV_638_na,2037]	927541.072021
BuildProj[Oahu_CentralTrackingPV_529_na,2037]	928184.885693
BuildProj[Oahu_CentralTrackingPV_682_na,2021]	4066968.83662
BuildProj[Oahu_CentralTrackingPV_266_na,2021]	4070555.75407
BuildProj[Oahu_CentralTrackingPV_132_na,2037]	933445.780914
BuildProj[Oahu_CentralTrackingPV_628_na,2037]	929354.343011
BuildProj[Oahu_CentralTrackingPV_624_na,2037]	935319.889771
BuildProj[Oahu_CentralTrackingPV_706_na,2037]	932015.177905
BuildProj[Oahu_CentralTrackingPV_26_na,2037]	938775.410042
BuildProj[Oahu_CentralTrackingPV_333_na,2037]	938577.815619
BuildProj[Oahu_CentralTrackingPV_257_na,2037]	937743.509833
BuildProj[Oahu_CentralTrackingPV_59_na,2037]	936603.6164
BuildProj[Oahu_CentralTrackingPV_43_na,2021]	4086866.8923
BuildProj[Oahu_CentralTrackingPV_726_na,2021]	4084064.4654
BuildProj[Oahu_CentralTrackingPV_73_na,2021]	4084877.2513
BuildProj[Oahu_CentralTrackingPV_730_na,2037]	934945.093806
BuildProj[Oahu_CentralTrackingPV_135_na,2021]	4088354.49334
BuildProj[Oahu_CentralTrackingPV_329_na,2037]	936747.132995
BuildProj[Oahu_CentralTrackingPV_85_na,2021]	4082004.75844
BuildProj[Oahu_CentralTrackingPV_327_na,2037]	935857.474425
BuildProj[Oahu_CentralTrackingPV_11_na,2021]	4093956.80418
BuildProj[Oahu_CentralTrackingPV_485_na,2037]	930488.850619
BuildProj[Oahu_CentralTrackingPV_699_na,2037]	931633.252823
BuildProj[Oahu_CentralTrackingPV_278_na,2021]	4072758.57531
BuildProj[Oahu_OnshoreWind_406_na,2037]	1100898.15145
BuildProj[Oahu_CentralTrackingPV_695_na,2037]	930961.80686
BuildProj[Oahu_CentralTrackingPV_453_na,2037]	928958.810982
BuildProj[Oahu_CentralTrackingPV_309_na,2021]	4068616.92613
BuildProj[Oahu_CentralTrackingPV_564_na,2037]	927589.725706
BuildProj[Oahu_CentralTrackingPV_96_na,2021]	4093212.30993
BuildProj[Oahu_OnshoreWind_508_na,2037]	1102739.05905
BuildProj[Oahu_CentralTrackingPV_341_na,2021]	4067537.0376
BuildProj[Oahu_OnshoreWind_102_na,2021]	3934086.34626
BuildProj[Oahu_CentralTrackingPV_396_na,2037]	933534.432444
BuildProj[Oahu_CentralTrackingPV_252_na,2021]	4083666.50551
BuildProj[Oahu_CentralTrackingPV_87_na,2037]	935063.554902
BuildProj[Oahu_CentralTrackingPV_530_na,2037]	928603.071544
BuildProj[Oahu_CentralTrackingPV_97_na,2021]	4094138.84746
BuildProj[Oahu_CentralTrackingPV_16_na,2037]	942808.180607
BuildProj[Oahu_CentralTrackingPV_700_na,2037]	931456.541247
BuildProj[Oahu_CentralTrackingPV_120_na,2037]	937823.176538
BuildProj[Oahu_CentralTrackingPV_513_na,2021]	4069501.0715
BuildProj[Oahu_CentralTrackingPV_338_na,2037]	940946.807377
BuildProj[Oahu_CentralTrackingPV_8_na,2021]	4097235.08426
BuildProj[Oahu_OnshoreWind_202_na,2021]	3949887.32763
BuildProj[Oahu_CentralTrackingPV_495_na,2021]	4097857.16684
BuildProj[Oahu_CentralTrackingPV_66_na,2021]	4095285.22018
BuildProj[Oahu_CentralTrackingPV_51_na,2021]	4096347.13555
BuildProj[Oahu_CentralTrackingPV_414_na,2021]	4065932.54921
BuildProj[Oahu_CentralTrackingPV_5_na,2037]	941538.914406
BuildProj[Oahu_CentralTrackingPV_157_na,2037]	932635.028681
BuildProj[Oahu_CentralTrackingPV_522_na,2037]	926062.11306
BuildProj[Oahu_CentralTrackingPV_430_na,2021]	4075175.27685
BuildProj[Oahu_CentralTrackingPV_208_na,2021]	4074066.29321
BuildProj[Oahu_CentralTrackingPV_601_na,2037]	941073.310247
BuildProj[Oahu_Waiau_W3,1947]	3019531.32061
BuildProj[Oahu_CentralTrackingPV_204_na,2021]	4072669.3944
BuildProj[Oahu_CentralTrackingPV_285_na,2037]	934103.69305
BuildProj[Oahu_CentralTrackingPV_22_na,2021]	4100443.33081
BuildProj[Oahu_CentralTrackingPV_440_na,2021]	4088382.63758
BuildProj[Oahu_CentralTrackingPV_687_na,2021]	4068954.88598
BuildProj[Oahu_Solar_DistPV,2013]	7975839.24388
BuildProj[Oahu_CentralTrackingPV_330_na,2021]	4087735.94049
BuildProj[Oahu_CentralTrackingPV_70_na,2021]	4083540.45449
BuildProj[Oahu_CentralTrackingPV_213_na,2021]	4077253.33774
BuildProj[Oahu_CentralTrackingPV_685_na,2021]	4067419.3054
BuildProj[Oahu_CentralTrackingPV_539_na,2037]	942387.614635
BuildProj[Oahu_CentralTrackingPV_599_na,2037]	940036.133911
BuildProj[Oahu_CentralTrackingPV_524_na,2037]	926289.36561
BuildProj[Oahu_CentralTrackingPV_307_na,2021]	4068317.33192
BuildProj[Oahu_CentralTrackingPV_380_na,2037]	928725.543895
BuildProj[Oahu_CentralTrackingPV_353_na,2037]	930546.574993
BuildProj[Oahu_CentralTrackingPV_372_na,2021]	4093208.59628
BuildProj[Oahu_CentralTrackingPV_384_na,2037]	929117.743023
BuildProj[Oahu_CentralTrackingPV_136_na,2037]	937793.863039
BuildProj[Oahu_Chevron_GEN4,2011]	1877287.00836
BuildProj[Oahu_CentralTrackingPV_545_na,2021]	4062348.87248
BuildProj[Oahu_CentralTrackingPV_102_na,2021]	4080696.60301
BuildProj[Oahu_CentralTrackingPV_219_na,2037]	935973.137184
BuildProj[Oahu_CentralTrackingPV_215_na,2037]	934471.253907
BuildProj[Oahu_CentralTrackingPV_643_na,2037]	929753.745047
BuildProj[Oahu_CentralTrackingPV_141_na,2037]	933423.112947
BuildProj[Oahu_CentralTrackingPV_64_na,2021]	4088630.03733
BuildProj[Oahu_CentralTrackingPV_412_na,2037]	941537.455265
BuildProj[Oahu_OnshoreWind_308_na,2037]	1099247.88869
BuildProj[Oahu_CentralTrackingPV_45_na,2037]	937109.113964
BuildProj[Oahu_CentralTrackingPV_436_na,2021]	4082190.07061
BuildProj[Oahu_CentralTrackingPV_335_na,2021]	4093780.83954
BuildProj[Oahu_CentralTrackingPV_339_na,2021]	4098751.26372
BuildProj[Oahu_CentralTrackingPV_190_na,2021]	4087498.52656
BuildProj[Oahu_CentralTrackingPV_449_na,2021]	4063647.86541
BuildProj[Oahu_CentralTrackingPV_237_na,2037]	930893.307001
BuildProj[Oahu_OnshoreWind_107_na,2021]	3928501.29167
BuildProj[Oahu_CentralTrackingPV_20_na,2021]	4093638.37128
BuildProj[Oahu_OnshoreWind_402_na,2037]	1106136.86827
BuildProj[Oahu_CentralTrackingPV_606_na,2021]	4092312.31678
BuildProj[Oahu_CentralTrackingPV_694_na,2021]	4071659.02573
BuildProj[Oahu_CentralTrackingPV_574_na,2037]	941187.406382
BuildProj[Oahu_CentralTrackingPV_102_na,2037]	934494.599506
BuildProj[Oahu_CentralTrackingPV_578_na,2037]	926420.866558
BuildProj[Oahu_CentralTrackingPV_244_na,2037]	932166.222364
BuildProj[Oahu_CentralTrackingPV_681_na,2021]	4066325.68082
BuildProj[Oahu_CentralTrackingPV_14_na,2021]	4095992.2315
BuildProj[Oahu_CentralTrackingPV_492_na,2021]	4081046.56215
BuildProj[Oahu_CentralTrackingPV_261_na,2021]	4093828.11465
BuildProj[Oahu_CentralTrackingPV_86_na,2021]	4082062.95414
BuildProj[Oahu_CentralTrackingPV_116_na,2021]	4079330.51828
BuildProj[Oahu_CentralTrackingPV_467_na,2021]	4096915.52747
BuildProj[Oahu_CentralTrackingPV_344_na,2021]	4066929.69404
BuildProj[Oahu_CentralTrackingPV_286_na,2037]	934494.754799
BuildProj[Oahu_CentralTrackingPV_498_na,2021]	4063199.33632
BuildProj[Oahu_CentralTrackingPV_245_na,2037]	932443.242611
BuildProj[Oahu_CentralTrackingPV_514_na,2037]	932504.322264
BuildProj[Oahu_CentralTrackingPV_225_na,2037]	938471.616415
BuildProj[Oahu_CentralTrackingPV_618_na,2037]	935284.358927
BuildProj[Oahu_CentralTrackingPV_641_na,2037]	928831.440332
BuildProj[Oahu_CentralTrackingPV_548_na,2037]	928759.388559
BuildProj[Oahu_Honolulu_H8,1954]	0.0
BuildProj[Oahu_CentralTrackingPV_317_na,2037]	931584.725621
BuildProj[Oahu_CentralTrackingPV_281_na,2037]	932321.668537
BuildProj[Oahu_CentralTrackingPV_575_na,2021]	4099487.62317
BuildProj[Oahu_CentralTrackingPV_406_na,2037]	938129.087568
BuildProj[Oahu_CentralTrackingPV_551_na,2037]	938188.611996
BuildProj[Oahu_CentralTrackingPV_619_na,2021]	4084122.97854
BuildProj[Oahu_CentralTrackingPV_452_na,2021]	4065484.34492
BuildProj[Oahu_CentralTrackingPV_131_na,2037]	933420.134941
BuildProj[Oahu_CentralTrackingPV_376_na,2037]	941228.83629
BuildProj[Oahu_CentralTrackingPV_534_na,2037]	939829.288008
BuildProj[Oahu_CentralTrackingPV_217_na,2037]	935201.388844
BuildProj[Oahu_CentralTrackingPV_114_na,2021]	4079264.40133
BuildProj[Oahu_CentralTrackingPV_274_na,2037]	930615.649188
BuildProj[Oahu_CentralTrackingPV_80_na,2021]	4092520.75273
BuildProj[Oahu_CentralTrackingPV_270_na,2037]	930267.293974
BuildProj[Oahu_CentralTrackingPV_367_na,2037]	936942.248875
BuildProj[Oahu_CentralTrackingPV_25_na,2037]	938418.81551
BuildProj[Oahu_CentralTrackingPV_302_na,2021]	4069246.73411
BuildProj[Oahu_OnshoreWind_408_na,2037]	1107218.83292
BuildProj[Oahu_CentralTrackingPV_277_na,2021]	4072116.95558
BuildProj[Oahu_OnshoreWind_208_na,2037]	1096008.12197
BuildProj[Oahu_CentralTrackingPV_53_na,2021]	4098091.81447
BuildProj[Oahu_CentralTrackingPV_145_na,2021]	4076529.07519
BuildProj[Oahu_OnshoreWind_104_na,2037]	1098467.29296
BuildProj[Oahu_CentralTrackingPV_439_na,2021]	4087132.81474
BuildProj[Oahu_CentralTrackingPV_591_na,2021]	4054543.32644
BuildProj[Oahu_CentralTrackingPV_661_na,2021]	4073872.52355
BuildProj[Oahu_CentralTrackingPV_447_na,2037]	928360.514801
BuildProj[Oahu_CentralTrackingPV_312_na,2021]	4069748.00083
BuildProj[Oahu_CentralTrackingPV_107_na,2021]	4090399.29606
BuildProj[Oahu_CentralTrackingPV_540_na,2021]	4057604.51747
BuildProj[Oahu_CentralTrackingPV_435_na,2021]	4080987.24085
BuildProj[Oahu_CentralTrackingPV_318_na,2037]	931911.254787
BuildProj[Oahu_CentralTrackingPV_52_na,2021]	4097212.90361
BuildProj[Oahu_CentralTrackingPV_714_na,2037]	933189.960907
BuildProj[Oahu_CentralTrackingPV_586_na,2021]	4095267.91158
BuildProj[Oahu_CentralTrackingPV_176_na,2021]	4074521.41618
BuildProj[Oahu_CentralTrackingPV_542_na,2021]	4059448.61504
BuildProj[Oahu_CentralTrackingPV_108_na,2037]	938561.373203
BuildProj[Oahu_CentralTrackingPV_554_na,2021]	4094328.07583
BuildProj[Oahu_CentralTrackingPV_668_na,2021]	4074448.51393
BuildProj[Oahu_CentralTrackingPV_54_na,2037]	936109.485479
BuildProj[Oahu_CentralTrackingPV_392_na,2021]	4072879.46848
BuildProj[Oahu_CentralTrackingPV_179_na,2037]	931873.628006
BuildProj[Oahu_CentralTrackingPV_486_na,2037]	930918.405022
BuildProj[Oahu_CentralTrackingPV_255_na,2021]	4086916.09477
BuildProj[Oahu_CentralTrackingPV_567_na,2021]	4066388.24074
BuildProj[Oahu_CentralTrackingPV_704_na,2021]	4074602.10434
BuildProj[Oahu_CentralTrackingPV_93_na,2037]	936148.289541
BuildProj[Oahu_OnshoreWind_407_na,2037]	1103046.79167
BuildProj[Oahu_CentralTrackingPV_580_na,2037]	927349.834514
BuildProj[Oahu_CentralTrackingPV_170_na,2037]	938248.12756
BuildProj[Oahu_CentralTrackingPV_670_na,2021]	4062718.45366
BuildProj[Oahu_CentralTrackingPV_625_na,2037]	935844.191828
BuildProj[Oahu_CentralTrackingPV_709_na,2037]	932671.956722
BuildProj[Oahu_CentralTrackingPV_395_na,2037]	933108.159414
BuildProj[Oahu_OnshoreWind_309_na,2037]	1102772.8616
BuildProj[Oahu_CentralTrackingPV_245_na,2021]	4075353.42049
BuildProj[Oahu_CentralTrackingPV_298_na,2021]	4094381.78066
BuildProj[Oahu_OnshoreWind_106_na,2037]	1097748.84718
BuildProj[Oahu_CentralTrackingPV_659_na,2021]	4070178.01683
BuildProj[Oahu_CentralTrackingPV_676_na,2037]	928280.028847
BuildProj[Oahu_CentralTrackingPV_417_na,2037]	928203.96127
BuildProj[Oahu_CentralTrackingPV_207_na,2037]	931774.685122
BuildProj[Oahu_CentralTrackingPV_667_na,2021]	4066432.64982
BuildProj[Oahu_CentralTrackingPV_183_na,2021]	4078394.92695
BuildProj[Oahu_CentralTrackingPV_134_na,2037]	933571.090842
BuildProj[Oahu_CentralTrackingPV_677_na,2021]	4065110.43746
BuildProj[Oahu_CentralTrackingPV_531_na,2037]	929031.850839
BuildProj[Oahu_CentralTrackingPV_282_na,2021]	4075886.67161
BuildProj[Oahu_CentralTrackingPV_359_na,2021]	4077906.97565
BuildProj[Oahu_CentralTrackingPV_196_na,2021]	4094071.46024
BuildProj[Oahu_CentralTrackingPV_250_na,2037]	934841.974894
BuildProj[Oahu_CentralTrackingPV_201_na,2021]	4072496.1704
BuildProj[Oahu_CentralTrackingPV_645_na,2021]	4070827.68123
BuildProj[Oahu_CentralTrackingPV_388_na,2021]	4069285.2124
BuildProj[Oahu_CentralTrackingPV_572_na,2037]	940156.931145
BuildProj[Oahu_CentralTrackingPV_468_na,2021]	4098216.77912
BuildProj[Oahu_CentralTrackingPV_94_na,2021]	4091451.15633
BuildProj[Oahu_CentralTrackingPV_230_na,2037]	931106.638386
BuildProj[Oahu_CentralTrackingPV_311_na,2037]	930114.311319
BuildProj[Oahu_OnshoreWind_403_na,2021]	3961788.27789
BuildProj[Oahu_CentralTrackingPV_351_na,2021]	4069042.66973
BuildProj[Oahu_CentralTrackingPV_224_na,2021]	4089921.09412
BuildProj[Oahu_CentralTrackingPV_722_na,2021]	4081297.4824
BuildProj[Oahu_CentralTrackingPV_127_na,2021]	4078275.28729
BuildProj[Oahu_CentralTrackingPV_432_na,2037]	933247.827716
BuildProj[Oahu_CentralTrackingPV_361_na,2021]	4080087.90885
BuildProj[Oahu_CentralTrackingPV_647_na,2037]	931678.19504
BuildProj[Oahu_CentralTrackingPV_721_na,2037]	935096.999337
BuildProj[Oahu_CentralTrackingPV_457_na,2037]	931647.991682
BuildProj[Oahu_CentralTrackingPV_151_na,2037]	938582.906523
BuildProj[Oahu_CentralTrackingPV_155_na,2037]	932923.907124
BuildProj[Oahu_CentralTrackingPV_248_na,2021]	4079640.87894
BuildProj[Oahu_CentralTrackingPV_152_na,2021]	4092387.43051
BuildProj[Oahu_CentralTrackingPV_402_na,2021]	4085239.89944
BuildProj[Oahu_CentralTrackingPV_450_na,2021]	4064165.2634
BuildProj[Oahu_CentralTrackingPV_680_na,2021]	4065769.18552
BuildProj[Oahu_CentralTrackingPV_160_na,2021]	4075157.16348
BuildProj[Oahu_CentralTrackingPV_357_na,2021]	4075812.57405
BuildProj[Oahu_CentralTrackingPV_231_na,2021]	4071546.06052
BuildProj[Oahu_CentralTrackingPV_87_na,2021]	4082178.56479
BuildProj[Oahu_CentralTrackingPV_275_na,2021]	4071026.08875
BuildProj[Oahu_CentralTrackingPV_17_na,2021]	4092234.0965
BuildProj[Oahu_CentralTrackingPV_295_na,2021]	4090781.80941
BuildProj[Oahu_CentralTrackingPV_637_na,2037]	933517.876289
BuildProj[Oahu_CentralTrackingPV_195_na,2021]	4092942.89968
BuildProj[Oahu_Waiau_W7_W8,1966]	3046606.93269
BuildProj[Oahu_CentralTrackingPV_526_na,2037]	926765.078112
BuildProj[Oahu_CentralTrackingPV_493_na,2037]	940077.099688
BuildProj[Oahu_CentralTrackingPV_138_na,2021]	4091241.65866
BuildProj[Oahu_CentralTrackingPV_462_na,2021]	4079153.748
BuildProj[Oahu_CentralTrackingPV_366_na,2037]	936484.054296
BuildProj[Oahu_CentralTrackingPV_100_na,2037]	934470.384754
BuildProj[Oahu_CentralTrackingPV_383_na,2021]	4065684.98524
BuildProj[Oahu_CentralTrackingPV_727_na,2037]	935582.76227
BuildProj[Oahu_CentralTrackingPV_203_na,2021]	4072505.75501
BuildProj[Oahu_CentralTrackingPV_218_na,2037]	935580.353874
BuildProj[Oahu_CentralTrackingPV_559_na,2021]	4101025.85062
BuildProj[Oahu_CentralTrackingPV_607_na,2037]	939479.448552
BuildProj[Oahu_CentralTrackingPV_697_na,2037]	930932.416533
BuildProj[Oahu_CentralTrackingPV_703_na,2021]	4074889.31246
BuildProj[Oahu_CentralTrackingPV_180_na,2037]	931932.956423
BuildProj[Oahu_CentralTrackingPV_200_na,2037]	931406.680907
BuildProj[Oahu_CentralTrackingPV_294_na,2037]	937915.330795
BuildProj[Oahu_CentralTrackingPV_33_na,2037]	937764.425766
BuildProj[Oahu_CentralTrackingPV_375_na,2021]	4096975.26665
BuildProj[Oahu_CentralTrackingPV_720_na,2021]	4078462.30868
BuildProj[Oahu_CentralTrackingPV_719_na,2037]	933708.693335
BuildProj[Oahu_OnshoreWind_404_na,2021]	3937265.26153
BuildProj[Oahu_CentralTrackingPV_456_na,2021]	4071083.99408
BuildProj[Oahu_CentralTrackingPV_81_na,2037]	939359.353312
BuildProj[Oahu_CentralTrackingPV_77_na,2021]	4086814.34976
BuildProj[Oahu_CentralTrackingPV_553_na,2021]	4092980.06185
BuildProj[Oahu_CentralTrackingPV_314_na,2037]	930734.885021
BuildProj[Oahu_CentralTrackingPV_169_na,2021]	4089427.48098
BuildProj[Oahu_CentralTrackingPV_718_na,2021]	4078897.73716
BuildProj[Oahu_CentralTrackingPV_148_na,2021]	4088324.2399
BuildProj[Oahu_CentralTrackingPV_728_na,2037]	935393.610634
BuildProj[Oahu_CentralTrackingPV_130_na,2021]	4077895.29434
BuildProj[Oahu_Kahe_K1,1963]	0.0
BuildProj[Oahu_CentralTrackingPV_27_na,2037]	938974.520311
BuildProj[Oahu_CentralTrackingPV_536_na,2021]	4097247.05881
BuildProj[Oahu_CentralTrackingPV_576_na,2037]	942224.761689
BuildProj[Oahu_CentralTrackingPV_442_na,2037]	940383.079916
BuildProj[Oahu_CentralTrackingPV_634_na,2037]	930021.1467
BuildProj[Oahu_CentralTrackingPV_348_na,2021]	4067568.10383
BuildProj[Oahu_CentralTrackingPV_611_na,2037]	937890.908089
BuildProj[Oahu_CentralTrackingPV_411_na,2037]	941046.400438
BuildProj[Oahu_CentralTrackingPV_257_na,2021]	4089159.06066
BuildProj[Oahu_CentralTrackingPV_216_na,2037]	934832.690733
BuildProj[Oahu_CentralTrackingPV_206_na,2021]	4073226.0072
BuildProj[Oahu_CentralTrackingPV_199_na,2037]	931496.125803
BuildProj[Oahu_CentralTrackingPV_7_na,2037]	940254.912689
BuildProj[Oahu_CentralTrackingPV_423_na,2037]	929099.331455
BuildProj[Oahu_CentralTrackingPV_49_na,2037]	937803.789116
BuildProj[Oahu_CentralTrackingPV_246_na,2021]	4076133.0212
BuildProj[Oahu_CentralTrackingPV_158_na,2037]	932528.796792
BuildProj[Oahu_CentralTrackingPV_323_na,2021]	4079827.18581
BuildProj[Oahu_CentralTrackingPV_31_na,2021]	4100186.49572
BuildProj[Oahu_CentralTrackingPV_186_na,2037]	935571.995331
BuildProj[Oahu_CentralTrackingPV_550_na,2021]	4068184.22706
BuildProj[Oahu_CentralTrackingPV_588_na,2037]	941123.065258
BuildProj[Oahu_CentralTrackingPV_479_na,2037]	928222.820744
BuildProj[Oahu_CentralTrackingPV_691_na,2021]	4070045.30277
BuildProj[Oahu_CentralTrackingPV_300_na,2037]	940683.110659
BuildProj[Oahu_CentralTrackingPV_304_na,2037]	929849.049123
BuildProj[Oahu_CentralTrackingPV_305_na,2021]	4068405.89867
BuildProj[Oahu_CentralTrackingPV_133_na,2037]	933496.587297
BuildProj[Oahu_CentralTrackingPV_565_na,2021]	4063916.75281
BuildProj[Oahu_CentralTrackingPV_692_na,2021]	4070049.51144
BuildProj[Oahu_CentralTrackingPV_684_na,2021]	4069328.59462
BuildProj[Oahu_CentralTrackingPV_663_na,2037]	932837.726805
BuildProj[Oahu_CentralTrackingPV_188_na,2021]	4085459.34427
BuildProj[Oahu_CentralTrackingPV_363_na,2037]	935133.312851
BuildProj[Oahu_CentralTrackingPV_394_na,2021]	4075985.58358
BuildProj[Oahu_CentralTrackingPV_55_na,2021]	4085059.68174
BuildProj[Oahu_CentralTrackingPV_547_na,2021]	4064589.42127
BuildProj[Oahu_OnshoreWind_203_na,2037]	1097655.99753
BuildProj[Oahu_CentralTrackingPV_494_na,2021]	4096545.98602
BuildProj[Oahu_CentralTrackingPV_143_na,2037]	933046.524308
BuildProj[Oahu_CentralTrackingPV_427_na,2021]	4070954.35307
BuildProj[Oahu_CentralTrackingPV_40_na,2037]	941576.274612
BuildProj[Oahu_CentralTrackingPV_520_na,2037]	941980.285599
BuildProj[Oahu_CentralTrackingPV_185_na,2037]	935214.022385
BuildProj[Oahu_CentralTrackingPV_220_na,2037]	936370.216547
BuildProj[Oahu_CentralTrackingPV_36_na,2037]	938498.511267
BuildProj[Oahu_Kahe_K3,1970]	0.0
BuildProj[Oahu_CentralTrackingPV_297_na,2021]	4093176.91746
BuildProj[Oahu_CentralTrackingPV_500_na,2037]	927185.52186
BuildProj[Oahu_CentralTrackingPV_589_na,2037]	941646.267021
BuildProj[Oahu_CentralTrackingPV_426_na,2037]	930380.305495
BuildProj[Oahu_CentralTrackingPV_289_na,2037]	935726.021952
BuildProj[Oahu_CentralTrackingPV_723_na,2037]	934433.66044
BuildProj[Oahu_CentralTrackingPV_672_na,2021]	4063922.44271
BuildProj[Oahu_CentralTrackingPV_235_na,2037]	930792.690399
BuildProj[Oahu_CentralTrackingPV_429_na,2037]	931953.848206
BuildProj[Oahu_CentralTrackingPV_648_na,2037]	932167.448193
BuildProj[Oahu_CentralTrackingPV_60_na,2021]	4086589.55055
BuildProj[Oahu_CentralTrackingPV_334_na,2037]	939048.893421
BuildProj[Oahu_CentralTrackingPV_693_na,2037]	931118.255051
BuildProj[Oahu_CentralTrackingPV_387_na,2037]	929822.749377
BuildProj[Oahu_CentralTrackingPV_33_na,2021]	4089213.54052
BuildProj[Oahu_CentralTrackingPV_34_na,2021]	4089633.45986
BuildProj[Oahu_OffshoreWind_0_na,2037]	1578862.01716
BuildProj[Oahu_CentralTrackingPV_250_na,2021]	4081601.41392
BuildProj[Oahu_CentralTrackingPV_591_na,2037]	924453.822481
BuildProj[Oahu_CentralTrackingPV_525_na,2037]	926499.218857
BuildProj[Oahu_CentralTrackingPV_397_na,2037]	933968.436034
BuildProj[Oahu_CentralTrackingPV_57_na,2021]	4085526.80847
BuildProj[Oahu_CentralTrackingPV_581_na,2021]	4063345.66208
BuildProj[Oahu_CentralTrackingPV_602_na,2021]	4053614.83696
BuildProj[Oahu_CentralTrackingPV_665_na,2021]	4064467.00813
BuildProj[Oahu_CentralTrackingPV_78_na,2037]	937068.884134
BuildProj[Oahu_CentralTrackingPV_44_na,2037]	936976.723841
BuildProj[Oahu_CentralTrackingPV_175_na,2021]	4074885.81458
BuildProj[Oahu_CentralTrackingPV_159_na,2021]	4075226.18287
BuildProj[Oahu_CentralTrackingPV_92_na,2037]	935762.40811
BuildProj[Oahu_CentralTrackingPV_328_na,2037]	936302.048538
BuildProj[Oahu_CentralTrackingPV_480_na,2037]	928548.901883
BuildProj[Oahu_CentralTrackingPV_470_na,2021]	4100842.36921
BuildProj[Oahu_CentralTrackingPV_88_na,2037]	935128.772225
BuildProj[Oahu_CentralTrackingPV_227_na,2021]	4093338.87933
BuildProj[Oahu_CentralTrackingPV_571_na,2021]	4094104.48685
BuildProj[Oahu_CentralTrackingPV_299_na,2037]	940214.388189
BuildProj[Oahu_CentralTrackingPV_434_na,2021]	4079797.21614
BuildProj[Oahu_CentralTrackingPV_349_na,2037]	929611.28995
BuildProj[Oahu_CentralTrackingPV_524_na,2021]	4059324.37745
BuildProj[Oahu_CentralTrackingPV_318_na,2021]	4073967.74839
BuildProj[Oahu_OnshoreWind_506_na,2037]	1109473.83787
BuildProj[Oahu_CentralTrackingPV_601_na,2021]	4097832.21324
BuildProj[Oahu_CentralTrackingPV_28_na,2021]	4092920.06889
BuildProj[Oahu_CentralTrackingPV_24_na,2021]	4090511.28417
BuildProj[Oahu_CentralTrackingPV_455_na,2021]	4070037.83862
BuildProj[Oahu_CentralTrackingPV_415_na,2037]	928609.283215
BuildProj[Oahu_CentralTrackingPV_46_na,2021]	4087892.51536
BuildProj[Oahu_CentralTrackingPV_32_na,2037]	937493.409491
BuildProj[Oahu_CentralTrackingPV_166_na,2037]	936683.8752
BuildProj[Oahu_CentralTrackingPV_369_na,2037]	937875.730911
BuildProj[Oahu_CentralTrackingPV_586_na,2037]	940088.822468
BuildProj[Oahu_CentralTrackingPV_4_na,2037]	941323.782259
BuildProj[Oahu_CentralTrackingPV_144_na,2021]	4076526.21352
BuildProj[Oahu_CentralTrackingPV_173_na,2037]	939496.169563
BuildProj[Oahu_CentralTrackingPV_260_na,2021]	4092637.12123
BuildProj[Oahu_CentralTrackingPV_67_na,2037]	940435.411249
BuildProj[Oahu_CentralTrackingPV_378_na,2021]	4066217.42917
BuildProj[Oahu_CentralTrackingPV_605_na,2021]	4090959.31945
BuildProj[Oahu_CentralTrackingPV_279_na,2021]	4073467.45607
BuildProj[Oahu_CT_100,2037]	467011.836362
BuildProj[Oahu_CentralTrackingPV_437_na,2021]	4083418.05484
BuildProj[Oahu_CentralTrackingPV_95_na,2037]	938956.826635
BuildProj[Oahu_CentralTrackingPV_19_na,2021]	4093134.88758
BuildProj[Oahu_CentralTrackingPV_688_na,2037]	929879.795247
BuildProj[Oahu_CentralTrackingPV_716_na,2021]	4076969.87565
BuildProj[Oahu_CentralTrackingPV_724_na,2037]	934319.208461
BuildProj[Oahu_CentralTrackingPV_393_na,2021]	4074923.75037
BuildProj[Oahu_CentralTrackingPV_421_na,2037]	928629.487135
BuildProj[Oahu_CentralTrackingPV_408_na,2021]	4093937.8379
BuildProj[Oahu_CentralTrackingPV_249_na,2021]	4080612.30411
BuildProj[Oahu_CentralTrackingPV_459_na,2021]	4075579.18865
BuildProj[Oahu_CentralTrackingPV_655_na,2037]	928689.14301
BuildProj[Oahu_CentralTrackingPV_698_na,2037]	931749.664875
BuildProj[Oahu_HPower_GEN1,1989]	3704880.6989
BuildProj[Oahu_CentralTrackingPV_460_na,2021]	4076750.58489
BuildProj[Oahu_CentralTrackingPV_543_na,2021]	4060329.15239
BuildProj[Oahu_CentralTrackingPV_140_na,2021]	4093264.00373
BuildProj[Oahu_CentralTrackingPV_162_na,2021]	4078866.36106
BuildProj[Oahu_CentralTrackingPV_147_na,2037]	937054.624456
BuildProj[Oahu_CentralTrackingPV_268_na,2021]	4069768.52013
BuildProj[Oahu_CentralTrackingPV_522_na,2021]	4058732.45127
BuildProj[Oahu_Kalaeloa_CC1_CC2,1991]	3704880.6989
BuildProj[Oahu_OnshoreWind_205_na,2037]	1104020.60375
BuildProj[Oahu_CentralTrackingPV_477_na,2021]	4062932.92162
BuildProj[Oahu_CentralTrackingPV_163_na,2037]	935605.285177
BuildProj[Oahu_CentralTrackingPV_560_na,2021]	4056288.57934
BuildProj[Oahu_CentralTrackingPV_113_na,2037]	934014.576544
BuildProj[Oahu_CentralTrackingPV_445_na,2037]	941869.343645
BuildProj[Oahu_CentralTrackingPV_400_na,2037]	935314.056288
BuildProj[Oahu_CentralTrackingPV_705_na,2037]	932071.424059
BuildProj[Oahu_CentralTrackingPV_654_na,2021]	4064501.88351
BuildProj[Oahu_CentralTrackingPV_241_na,2037]	931460.666336
BuildProj[Oahu_CentralTrackingPV_407_na,2037]	939094.583052
BuildProj[Oahu_CentralTrackingPV_54_na,2021]	4084902.9069
BuildProj[Oahu_CentralTrackingPV_239_na,2037]	931119.865184
BuildProj[Oahu_CentralTrackingPV_352_na,2037]	930271.912716
BuildProj[Oahu_CentralTrackingPV_126_na,2021]	4078526.60264
BuildProj[Oahu_CentralTrackingPV_255_na,2037]	936882.38942
BuildProj[Oahu_OnshoreWind_509_na,2021]	3942069.85977
BuildProj[Oahu_CentralTrackingPV_182_na,2021]	4077677.6708
BuildProj[Oahu_CentralTrackingPV_284_na,2037]	933718.869484
BuildProj[Oahu_CentralTrackingPV_28_na,2037]	939187.437706
BuildProj[Oahu_CentralTrackingPV_710_na,2037]	932592.800589
BuildProj[Oahu_CentralTrackingPV_124_na,2021]	4093165.56173
BuildProj[Oahu_CentralTrackingPV_351_na,2037]	930020.416501
BuildProj[Oahu_CentralTrackingPV_293_na,2037]	937463.627628
BuildProj[Oahu_CentralTrackingPV_516_na,2037]	939945.754735
BuildProj[Oahu_CentralTrackingPV_679_na,2037]	928584.983753
BuildProj[Oahu_CentralTrackingPV_612_na,2021]	4050071.47524
BuildProj[Oahu_CentralTrackingPV_192_na,2021]	4089629.02392
BuildProj[Oahu_CentralTrackingPV_511_na,2037]	929333.677757
BuildProj[Oahu_CentralTrackingPV_515_na,2037]	932980.89291
BuildProj[Oahu_CentralTrackingPV_607_na,2021]	4093680.67142
BuildProj[Oahu_Waiau_W6,1961]	3050085.03104
BuildProj[Oahu_CentralTrackingPV_497_na,2037]	942098.007685
BuildProj[Oahu_CentralTrackingPV_228_na,2021]	4094511.34632
BuildProj[Oahu_CentralTrackingPV_24_na,2037]	938262.656055
BuildProj[Oahu_CentralTrackingPV_537_na,2037]	941359.217508
BuildProj[Oahu_OnshoreWind_507_na,2021]	3943385.4746
BuildProj[Oahu_CentralTrackingPV_391_na,2021]	4071916.62547
BuildProj[Oahu_OnshoreWind_301_na,2021]	3931170.2308
BuildProj[Oahu_CentralTrackingPV_198_na,2037]	931614.258699
BuildProj[Oahu_CentralTrackingPV_117_na,2037]	934018.606123
BuildProj[Oahu_CentralTrackingPV_711_na,2021]	4075603.95305
BuildProj[Oahu_CentralTrackingPV_587_na,2037]	940605.85013
BuildProj[Oahu_CentralTrackingPV_544_na,2021]	4061298.50329
BuildProj[Oahu_CentralTrackingPV_382_na,2021]	4065566.81384
BuildProj[Oahu_CentralTrackingPV_568_na,2037]	938094.310888
BuildProj[Oahu_CentralTrackingPV_600_na,2037]	940554.669996
BuildProj[Oahu_OnshoreWind_306_na,2021]	3944964.46553
BuildProj[Oahu_CentralTrackingPV_264_na,2037]	940914.176576
BuildProj[Oahu_CentralTrackingPV_585_na,2037]	939571.999199
BuildProj[Oahu_CentralTrackingPV_533_na,2037]	929929.46453
BuildProj[Oahu_CentralTrackingPV_123_na,2021]	4092185.47833
BuildProj[Oahu_CentralTrackingPV_433_na,2021]	4078608.43389
BuildProj[Oahu_CentralTrackingPV_92_na,2021]	4083998.87224
BuildProj[Oahu_CentralTrackingPV_307_na,2037]	929741.944504
BuildProj[Oahu_CentralTrackingPV_337_na,2037]	940464.391901
BuildProj[Oahu_CentralTrackingPV_9_na,2021]	4097809.95304
BuildProj[Oahu_CentralTrackingPV_90_na,2037]	935322.74127
BuildProj[Oahu_OnshoreWind_101_na,2037]	1108870.19397
BuildProj[Oahu_CentralTrackingPV_484_na,2037]	930070.611869
BuildProj[Oahu_CentralTrackingPV_614_na,2037]	936317.356953
BuildProj[Oahu_CentralTrackingPV_214_na,2037]	933473.772321
BuildProj[Oahu_CentralTrackingPV_555_na,2021]	4095662.42132
BuildProj[Oahu_CentralTrackingPV_258_na,2037]	938187.16896
BuildProj[Oahu_CentralTrackingPV_50_na,2037]	940183.692122
BuildProj[Oahu_CentralTrackingPV_38_na,2037]	940921.131672
BuildProj[Oahu_CentralTrackingPV_531_na,2021]	4066467.74638
BuildProj[Oahu_CentralTrackingPV_313_na,2037]	930497.88092
BuildProj[Oahu_CentralTrackingPV_291_na,2021]	4086142.6298
BuildProj[Oahu_CentralTrackingPV_504_na,2021]	4061105.41744
BuildProj[Oahu_OnshoreWind_502_na,2021]	3950017.74681
BuildProj[Oahu_OnshoreWind_209_na,2037]	1095960.48258
BuildProj[Oahu_CentralTrackingPV_609_na,2037]	936844.763927
BuildProj[Oahu_CentralTrackingPV_645_na,2037]	930705.718874
BuildProj[Oahu_CentralTrackingPV_379_na,2021]	4065891.56336
BuildProj[Oahu_OnshoreWind_501_na,2037]	1108457.86441
BuildProj[Oahu_CentralTrackingPV_262_na,2037]	939992.023155
BuildProj[Oahu_CentralTrackingPV_715_na,2037]	933114.615686
BuildProj[Oahu_CentralTrackingPV_653_na,2037]	927889.040851
BuildProj[Oahu_CentralTrackingPV_610_na,2037]	937370.749353
BuildProj[Oahu_CC_383,2037]	625962.698158
BuildProj[Oahu_CentralTrackingPV_604_na,2037]	937915.287049
BuildProj[Oahu_CentralTrackingPV_106_na,2037]	937884.255548
BuildProj[Oahu_CentralTrackingPV_362_na,2021]	4081221.55383
BuildProj[Oahu_CentralTrackingPV_499_na,2021]	4062385.05677
BuildProj[Oahu_CentralTrackingPV_664_na,2037]	933330.10045
BuildProj[Oahu_OnshoreWind_204_na,2037]	1102858.00911
BuildProj[Oahu_OnshoreWind_401_na,2037]	1104178.51582
BuildProj[Oahu_CentralTrackingPV_707_na,2037]	931987.648407
BuildProj[Oahu_CentralTrackingPV_321_na,2037]	933361.18165
BuildProj[Oahu_CentralTrackingPV_345_na,2021]	4066934.85078
BuildProj[Oahu_CC_152,2037]	635916.344866
BuildProj[Oahu_CentralTrackingPV_535_na,2037]	940338.664402
BuildProj[Oahu_CentralTrackingPV_476_na,2037]	927457.391272
BuildProj[Oahu_Waiau_W4,1950]	3025236.43631
BuildProj[Oahu_CentralTrackingPV_629_na,2021]	4079179.14388
BuildProj[Oahu_CentralTrackingPV_573_na,2037]	940672.022055
BuildProj[Oahu_CentralTrackingPV_666_na,2021]	4065416.69136
BuildProj[Oahu_CentralTrackingPV_276_na,2021]	4071533.4163
BuildProj[Oahu_CentralTrackingPV_272_na,2021]	4069965.32136
BuildProj[Oahu_CentralTrackingPV_605_na,2037]	938434.665951
BuildProj[Oahu_CentralTrackingPV_142_na,2021]	4077188.19729
BuildProj[Oahu_CentralTrackingPV_17_na,2037]	938924.078896
BuildProj[Oahu_CentralTrackingPV_56_na,2037]	936250.225954
BuildProj[Oahu_CentralTrackingPV_332_na,2037]	938115.423576
BuildProj[Oahu_CentralTrackingPV_505_na,2037]	927212.648233
BuildProj[Oahu_CentralTrackingPV_471_na,2037]	928194.269299
BuildProj[Oahu_CentralTrackingPV_320_na,2021]	4076750.77434
BuildProj[Oahu_CentralTrackingPV_579_na,2037]	926881.409287
BuildProj[Oahu_CentralTrackingPV_708_na,2037]	932776.736951
BuildProj[Oahu_CentralTrackingPV_58_na,2021]	4085832.62622
BuildProj[Oahu_CentralTrackingPV_100_na,2021]	4080633.53069
BuildProj[Oahu_OnshoreWind_307_na,2021]	3928297.32638
BuildProj[Oahu_CentralTrackingPV_546_na,2037]	927870.04808
BuildProj[Oahu_CentralTrackingPV_638_na,2021]	4062584.7052
BuildProj[Oahu_CentralTrackingPV_355_na,2021]	4072029.27648
BuildProj[Oahu_CentralTrackingPV_156_na,2037]	932768.035948
BuildProj[Oahu_CentralTrackingPV_529_na,2021]	4064261.65081
BuildProj[Oahu_CentralTrackingPV_595_na,2021]	4089716.2327
BuildProj[Oahu_CentralTrackingPV_510_na,2021]	4066189.18751
BuildProj[Oahu_CentralTrackingPV_132_na,2021]	4077964.73847
BuildProj[Oahu_CentralTrackingPV_624_na,2021]	4082846.24187
BuildProj[Oahu_CentralTrackingPV_706_na,2021]	4074238.4376
BuildProj[Oahu_CentralTrackingPV_26_na,2021]	4091846.85777
BuildProj[Oahu_CentralTrackingPV_68_na,2021]	4097068.82889
BuildProj[Oahu_CentralTrackingPV_360_na,2021]	4078986.52896
BuildProj[Oahu_CentralTrackingPV_627_na,2021]	4081649.59144
BuildProj[Oahu_CentralTrackingPV_63_na,2021]	4088061.2234
BuildProj[Oahu_CentralTrackingPV_242_na,2037]	931672.933596
BuildProj[Oahu_CentralTrackingPV_374_na,2021]	4095704.3995
BuildProj[Oahu_CentralTrackingPV_43_na,2037]	936863.499584
BuildProj[Oahu_CentralTrackingPV_171_na,2037]	938656.449824
BuildProj[Oahu_CentralTrackingPV_726_na,2037]	935787.590664
BuildProj[Oahu_CentralTrackingPV_65_na,2037]	939768.460218
BuildProj[Oahu_CentralTrackingPV_416_na,2021]	4064552.6624
BuildProj[Oahu_CentralTrackingPV_730_na,2021]	4081870.00841
BuildProj[Oahu_CentralTrackingPV_135_na,2037]	937434.620007
BuildProj[Oahu_CentralTrackingPV_290_na,2037]	936150.077894
BuildProj[Oahu_CentralTrackingPV_85_na,2037]	934996.827091
BuildProj[Oahu_DistPV_1_na,2021]	3653735.25643
BuildProj[Oahu_OnshoreWind_201_na,2037]	1099711.67721
BuildProj[Oahu_CentralTrackingPV_699_na,2021]	4073243.63488
BuildProj[Oahu_CentralTrackingPV_678_na,2021]	4064948.35959
BuildProj[Oahu_CentralTrackingPV_278_na,2037]	931447.028547
BuildProj[Oahu_CentralTrackingPV_695_na,2021]	4071494.71526
BuildProj[Oahu_CentralTrackingPV_309_na,2037]	929856.964842
BuildProj[Oahu_CentralTrackingPV_442_na,2021]	4096034.36585
BuildProj[Oahu_CentralTrackingPV_121_na,2037]	938173.526476
BuildProj[Oahu_CentralTrackingPV_326_na,2021]	4083117.01661
BuildProj[Oahu_CentralTrackingPV_636_na,2037]	931507.928818
BuildProj[Oahu_CentralTrackingPV_71_na,2037]	935649.017206
BuildProj[Oahu_CentralTrackingPV_569_na,2037]	938607.9252
BuildProj[Oahu_OnshoreWind_102_na,2037]	1098311.60788
BuildProj[Oahu_CentralTrackingPV_319_na,2037]	932606.501798
BuildProj[Oahu_CentralTrackingPV_626_na,2037]	934344.905985
BuildProj[Oahu_OnshoreWind_503_na,2021]	3940859.26647
BuildProj[Oahu_CentralTrackingPV_396_na,2021]	4078195.64968
BuildProj[Oahu_CentralTrackingPV_631_na,2037]	928120.051708
BuildProj[Oahu_CentralTrackingPV_224_na,2037]	938036.070043
BuildProj[Oahu_CentralTrackingPV_97_na,2037]	939655.351692
BuildProj[Oahu_CentralTrackingPV_563_na,2021]	4061553.73291
BuildProj[Oahu_CentralTrackingPV_700_na,2021]	4072783.3531
BuildProj[Oahu_CentralTrackingPV_549_na,2037]	929223.521355
BuildProj[Oahu_CentralTrackingPV_443_na,2021]	4097321.20844
BuildProj[Oahu_CentralTrackingPV_83_na,2021]	4095145.59602
BuildProj[Oahu_CentralTrackingPV_8_na,2037]	940844.060236
BuildProj[Oahu_CentralTrackingPV_662_na,2021]	4075121.61285
BuildProj[Oahu_CentralTrackingPV_66_na,2037]	940095.467594
BuildProj[Oahu_CentralTrackingPV_488_na,2021]	4076103.77044
BuildProj[Oahu_CentralTrackingPV_51_na,2037]	940503.158592
BuildProj[Oahu_CentralTrackingPV_193_na,2021]	4090714.32701
BuildProj[Oahu_CentralTrackingPV_414_na,2037]	928826.377714
BuildProj[Oahu_CentralTrackingPV_410_na,2037]	940556.983849
BuildProj[Oahu_CentralTrackingPV_543_na,2037]	926675.119231
BuildProj[Oahu_OnshoreWind_302_na,2021]	3948303.23818
BuildProj[Oahu_CentralTrackingPV_177_na,2037]	932011.947123
BuildProj[Oahu_CentralTrackingPV_157_na,2021]	4075852.96691
BuildProj[Oahu_CentralTrackingPV_385_na,2037]	929320.373642
BuildProj[Oahu_CentralTrackingPV_523_na,2037]	926140.010639
BuildProj[Oahu_CentralTrackingPV_671_na,2021]	4063270.39574
BuildProj[Oahu_CentralTrackingPV_210_na,2037]	932373.402456
BuildProj[Oahu_CentralTrackingPV_650_na,2021]	4077221.24234
BuildProj[Oahu_CentralTrackingPV_440_na,2037]	937445.425156
BuildProj[Oahu_CentralTrackingPV_441_na,2037]	939885.042088
BuildProj[Oahu_CentralTrackingPV_322_na,2037]	933758.195954
BuildProj[Oahu_CentralTrackingPV_74_na,2037]	936258.668968
BuildProj[Oahu_CentralTrackingPV_70_na,2037]	935586.41217
BuildProj[Oahu_CentralTrackingPV_306_na,2021]	4068312.63068
BuildProj[Oahu_CentralTrackingPV_448_na,2021]	4064107.46335
BuildProj[Oahu_CentralTrackingPV_685_na,2037]	929397.173782
BuildProj[Oahu_CentralTrackingPV_18_na,2021]	4092662.89894
BuildProj[Oahu_CentralTrackingPV_509_na,2037]	928528.886442
BuildProj[Oahu_CentralTrackingPV_380_na,2021]	4065669.90671
BuildProj[Oahu_CentralTrackingPV_372_na,2037]	939298.209265
BuildProj[Oahu_CentralTrackingPV_136_na,2021]	4089290.21598
BuildProj[Oahu_CentralTrackingPV_178_na,2037]	931843.591829
BuildProj[Oahu_CentralTrackingPV_223_na,2021]	4088813.95796
BuildProj[Oahu_CentralTrackingPV_267_na,2037]	930468.361643
BuildProj[Oahu_OnshoreWind_505_na,2021]	3952316.23388
BuildProj[Oahu_CentralTrackingPV_350_na,2037]	929800.316973
BuildProj[Oahu_CentralTrackingPV_215_na,2021]	4080635.79458
BuildProj[Oahu_CentralTrackingPV_10_na,2037]	939425.681188
BuildProj[Oahu_CentralTrackingPV_111_na,2037]	939644.502263
BuildProj[Oahu_CentralTrackingPV_493_na,2021]	4095237.37718
BuildProj[Oahu_CentralTrackingPV_640_na,2021]	4064791.22994
BuildProj[Oahu_CentralTrackingPV_558_na,2021]	4099687.26913
BuildProj[Oahu_Kahe_K5,1974]	4889020.05369
BuildProj[Oahu_CentralTrackingPV_64_na,2037]	937540.406974
BuildProj[Oahu_OnshoreWind_308_na,2021]	3936525.08291
BuildProj[Oahu_CentralTrackingPV_39_na,2037]	941246.105977
BuildProj[Oahu_CentralTrackingPV_45_na,2021]	4087506.64565
BuildProj[Oahu_CentralTrackingPV_253_na,2021]	4084726.57213
BuildProj[Oahu_CentralTrackingPV_331_na,2037]	937656.777837
BuildProj[Oahu_CentralTrackingPV_335_na,2037]	939517.90514
BuildProj[Oahu_CentralTrackingPV_604_na,2021]	4089606.48988
BuildProj[Oahu_CentralTrackingPV_190_na,2037]	937105.996878
BuildProj[Oahu_CentralTrackingPV_449_na,2037]	927949.24094
BuildProj[Oahu_CentralTrackingPV_419_na,2037]	928307.155859
BuildProj[Oahu_CentralTrackingPV_589_na,2021]	4099324.59743
BuildProj[Oahu_CentralTrackingPV_6_na,2021]	4099642.40292
BuildProj[Oahu_OnshoreWind_107_na,2037]	1096167.39136
BuildProj[Oahu_CentralTrackingPV_125_na,2037]	933924.694903
BuildProj[Oahu_CentralTrackingPV_574_na,2021]	4098129.40017
BuildProj[Oahu_CentralTrackingPV_717_na,2021]	4079209.14558
BuildProj[Oahu_CentralTrackingPV_712_na,2037]	933414.897156
BuildProj[Oahu_CentralTrackingPV_578_na,2021]	4059666.89881
BuildProj[Oahu_CentralTrackingPV_221_na,2037]	936775.189644
BuildProj[Oahu_CentralTrackingPV_238_na,2021]	4071569.98662
BuildProj[Oahu_OnshoreWind_303_na,2037]	1107233.14193
BuildProj[Oahu_CentralTrackingPV_86_na,2037]	935019.169611
BuildProj[Oahu_CentralTrackingPV_496_na,2037]	941587.189137
BuildProj[Oahu_CentralTrackingPV_584_na,2037]	939049.596195
BuildProj[Oahu_CentralTrackingPV_389_na,2021]	4070112.95166
BuildProj[Oahu_CentralTrackingPV_467_na,2037]	940721.375858
BuildProj[Oahu_CentralTrackingPV_358_na,2021]	4076840.10788
BuildProj[Oahu_CentralTrackingPV_287_na,2021]	4081740.26718
BuildProj[Oahu_Kalaeloa_KAS2,2012]	5534010.27989
BuildProj[Oahu_CentralTrackingPV_533_na,2021]	4068805.76654
BuildProj[Oahu_CentralTrackingPV_95_na,2021]	4092319.39475
BuildProj[Oahu_CentralTrackingPV_139_na,2021]	4092243.34624
BuildProj[Oahu_CentralTrackingPV_548_na,2021]	4065758.06213
BuildProj[Oahu_CentralTrackingPV_466_na,2021]	4085342.00811
BuildProj[Oahu_CentralTrackingPV_317_na,2021]	4073117.23576
BuildProj[Oahu_CentralTrackingPV_473_na,2021]	4062869.16629
BuildProj[Oahu_CentralTrackingPV_404_na,2037]	937179.973165
BuildProj[Oahu_CentralTrackingPV_281_na,2021]	4075036.75572
BuildProj[Oahu_CentralTrackingPV_461_na,2021]	4077938.22447
BuildProj[Oahu_OnshoreWind_305_na,2037]	1104235.59728
BuildProj[Oahu_CentralTrackingPV_551_na,2021]	4090318.42113
BuildProj[Oahu_CentralTrackingPV_140_na,2037]	939319.481318
BuildProj[Oahu_CentralTrackingPV_619_na,2037]	935810.05505
BuildProj[Oahu_CentralTrackingPV_452_na,2037]	928654.302935
BuildProj[Oahu_CentralTrackingPV_583_na,2021]	4091216.08656
BuildProj[Oahu_CentralTrackingPV_321_na,2021]	4077744.38222
BuildProj[Oahu_CentralTrackingPV_131_na,2021]	4077897.93824
BuildProj[Oahu_CentralTrackingPV_99_na,2021]	4080807.67372
BuildProj[Oahu_CentralTrackingPV_646_na,2037]	931187.100994
BuildProj[Oahu_CentralTrackingPV_381_na,2037]	928683.785016
BuildProj[Oahu_CentralTrackingPV_364_na,2021]	4083514.77639
BuildProj[Oahu_CentralTrackingPV_114_na,2037]	933944.748032
BuildProj[Oahu_CentralTrackingPV_274_na,2021]	4070593.07614
BuildProj[Oahu_CentralTrackingPV_80_na,2037]	939034.132076
BuildProj[Oahu_Waiau_W7_W8,1968]	3046606.93269
BuildProj[Oahu_CentralTrackingPV_25_na,2021]	4090918.0337
BuildProj[Oahu_CentralTrackingPV_277_na,2037]	931200.697629
BuildProj[Oahu_CentralTrackingPV_252_na,2037]	935634.805732
BuildProj[Oahu_OnshoreWind_208_na,2021]	3928086.44169
BuildProj[Oahu_CentralTrackingPV_445_na,2021]	4099905.64656
BuildProj[Oahu_CentralTrackingPV_53_na,2037]	941172.976463
BuildProj[Oahu_OnshoreWind_104_na,2021]	3934491.86019
BuildProj[Oahu_CentralTrackingPV_223_na,2037]	937611.01786
BuildProj[Oahu_CentralTrackingPV_6_na,2037]	941768.279037
BuildProj[Oahu_CentralTrackingPV_714_na,2021]	4077298.40245
BuildProj[Oahu_CentralTrackingPV_238_na,2037]	930990.705076
BuildProj[Oahu_OnshoreWind_403_na,2037]	1108946.94521
BuildProj[Oahu_CentralTrackingPV_582_na,2037]	938017.161425
BuildProj[Oahu_CentralTrackingPV_542_na,2037]	926337.06296
BuildProj[Oahu_CentralTrackingPV_527_na,2021]	4062255.03836
BuildProj[Oahu_CentralTrackingPV_179_na,2021]	4073869.74167
BuildProj[Oahu_CentralTrackingPV_486_na,2021]	4071381.66621
BuildProj[Oahu_CentralTrackingPV_527_na,2037]	927414.506189
BuildProj[Oahu_CentralTrackingPV_704_na,2037]	932154.796993
BuildProj[Oahu_CentralTrackingPV_566_na,2037]	928520.240191
BuildProj[Oahu_CentralTrackingPV_93_na,2021]	4085003.98009
BuildProj[Oahu_CentralTrackingPV_145_na,2037]	932894.600458
BuildProj[Oahu_CentralTrackingPV_683_na,2037]	928962.166372
BuildProj[Oahu_CentralTrackingPV_344_na,2037]	929209.201979
BuildProj[Oahu_CentralTrackingPV_170_na,2021]	4090473.4417
BuildProj[Oahu_CentralTrackingPV_670_na,2037]	927592.420788
BuildProj[Oahu_CentralTrackingPV_625_na,2021]	4084211.89482
BuildProj[Oahu_CentralTrackingPV_674_na,2037]	927937.177748
BuildProj[Oahu_CentralTrackingPV_202_na,2021]	4072422.82001
BuildProj[Oahu_CentralTrackingPV_72_na,2037]	935732.756586
BuildProj[Oahu_OnshoreWind_504_na,2037]	1094980.04659
BuildProj[Oahu_CentralTrackingPV_395_na,2021]	4077085.33357
BuildProj[Oahu_OnshoreWind_309_na,2021]	3945706.60254
BuildProj[Oahu_CentralTrackingPV_247_na,2021]	4076949.19631
BuildProj[Oahu_CentralTrackingPV_241_na,2021]	4072794.09774
BuildProj[Oahu_CentralTrackingPV_731_na,2021]	4081584.11595
BuildProj[Oahu_CentralTrackingPV_298_na,2037]	939748.61871
BuildProj[Oahu_CentralTrackingPV_271_na,2037]	930303.458317
BuildProj[Oahu_CentralTrackingPV_168_na,2021]	4088389.10629
BuildProj[Oahu_CentralTrackingPV_283_na,2021]	4077715.10114
BuildProj[Oahu_OnshoreWind_106_na,2021]	3932620.51983
BuildProj[Oahu_CentralTrackingPV_561_na,2021]	4059375.76855
BuildProj[Oahu_CentralTrackingPV_301_na,2037]	941159.876255
BuildProj[Oahu_CentralTrackingPV_642_na,2021]	4067141.98282
BuildProj[Oahu_CentralTrackingPV_417_na,2021]	4064311.33709
BuildProj[Oahu_CentralTrackingPV_634_na,2021]	4069044.57168
BuildProj[Oahu_CentralTrackingPV_323_na,2037]	934160.812489
BuildProj[Oahu_CentralTrackingPV_183_na,2037]	933610.939056
BuildProj[Oahu_CentralTrackingPV_390_na,2021]	4070985.68182
BuildProj[Oahu_CentralTrackingPV_677_na,2037]	928510.752224
BuildProj[Oahu_CentralTrackingPV_468_na,2037]	941220.952946
BuildProj[Oahu_CentralTrackingPV_649_na,2021]	4075917.43329
BuildProj[Oahu_CentralTrackingPV_399_na,2021]	4081652.09927
BuildProj[Oahu_CentralTrackingPV_282_na,2037]	932647.968607
BuildProj[Oahu_CentralTrackingPV_359_na,2037]	933423.604588
BuildProj[Oahu_CentralTrackingPV_197_na,2037]	931761.778189
BuildProj[Oahu_CentralTrackingPV_689_na,2037]	930505.364579
BuildProj[Oahu_CentralTrackingPV_675_na,2021]	4064004.18096
BuildProj[Oahu_CentralTrackingPV_623_na,2021]	4081496.18625
BuildProj[Oahu_CentralTrackingPV_315_na,2021]	4071580.31011
BuildProj[Oahu_CentralTrackingPV_128_na,2021]	4078085.65882
BuildProj[Oahu_CentralTrackingPV_127_na,2037]	933565.006948
BuildProj[Oahu_CentralTrackingPV_122_na,2037]	938533.078672
BuildProj[Oahu_CentralTrackingPV_361_na,2037]	934260.909386
BuildProj[Oahu_CentralTrackingPV_647_na,2021]	4073360.69616
BuildProj[Oahu_CentralTrackingPV_313_na,2021]	4070286.32437
BuildProj[Oahu_CentralTrackingPV_15_na,2037]	942498.376064
BuildProj[Oahu_CentralTrackingPV_12_na,2037]	939761.441526
BuildProj[Oahu_CentralTrackingPV_269_na,2021]	4069681.40741
BuildProj[Oahu_CentralTrackingPV_151_na,2021]	4091345.44262
BuildProj[Oahu_CentralTrackingPV_503_na,2021]	4060618.64867
BuildProj[Oahu_CentralTrackingPV_635_na,2021]	4071612.61321
BuildProj[Oahu_CentralTrackingPV_475_na,2021]	4061928.75302
BuildProj[Oahu_CentralTrackingPV_481_na,2037]	928897.39086
BuildProj[Oahu_CentralTrackingPV_152_na,2037]	938982.946956
BuildProj[Oahu_CentralTrackingPV_402_na,2037]	936238.863798
BuildProj[Oahu_OnshoreWind_304_na,2021]	3958065.22766
BuildProj[Oahu_CentralTrackingPV_181_na,2037]	932135.132174
BuildProj[Oahu_CentralTrackingPV_160_na,2037]	932367.895535
BuildProj[Oahu_CentralTrackingPV_164_na,2037]	935952.873335
BuildProj[Oahu_CentralTrackingPV_295_na,2037]	938366.516222
BuildProj[Oahu_CentralTrackingPV_325_na,2021]	4082004.71436
BuildProj[Oahu_CentralTrackingPV_195_na,2037]	939196.202913
BuildProj[Oahu_CentralTrackingPV_191_na,2037]	937513.717123
BuildProj[Oahu_CentralTrackingPV_251_na,2021]	4082616.31179
BuildProj[Oahu_CentralTrackingPV_306_na,2037]	929740.139602
BuildProj[Oahu_CentralTrackingPV_613_na,2037]	935796.971343
BuildProj[Oahu_CentralTrackingPV_138_na,2037]	938543.061741
BuildProj[Oahu_CentralTrackingPV_76_na,2037]	936631.003731
BuildProj[Oahu_CentralTrackingPV_383_na,2037]	928731.33285
BuildProj[Oahu_CentralTrackingPV_727_na,2021]	4083530.94757
BuildProj[Oahu_CentralTrackingPV_203_na,2037]	931349.965672
BuildProj[Oahu_CentralTrackingPV_386_na,2037]	929555.364691
BuildProj[Oahu_CentralTrackingPV_69_na,2037]	935543.829585
BuildProj[Oahu_CentralTrackingPV_652_na,2037]	927520.721851
BuildProj[Oahu_CentralTrackingPV_697_na,2021]	4071418.16208
BuildProj[Oahu_CentralTrackingPV_180_na,2021]	4074024.27478
BuildProj[Oahu_CentralTrackingPV_482_na,2037]	929272.061884
BuildProj[Oahu_CentralTrackingPV_340_na,2021]	4067932.92001
BuildProj[Oahu_CentralTrackingPV_200_na,2021]	4072653.48155
BuildProj[Oahu_CentralTrackingPV_101_na,2021]	4080635.78529
BuildProj[Oahu_CentralTrackingPV_154_na,2037]	939806.847359
BuildProj[Oahu_CentralTrackingPV_310_na,2037]	929967.850376
BuildProj[Oahu_CentralTrackingPV_56_na,2021]	4085269.49452
BuildProj[Oahu_CentralTrackingPV_720_na,2037]	933636.808279
BuildProj[Oahu_OnshoreWind_404_na,2037]	1099532.05838
BuildProj[Oahu_CentralTrackingPV_104_na,2037]	934699.904181
BuildProj[Oahu_CentralTrackingPV_81_na,2021]	4093367.85857
BuildProj[Oahu_CentralTrackingPV_635_na,2037]	931007.070293
BuildProj[Oahu_CentralTrackingPV_556_na,2037]	940753.02314
BuildProj[Oahu_CentralTrackingPV_690_na,2037]	930438.21916
BuildProj[Oahu_CentralTrackingPV_422_na,2037]	928847.607237
BuildProj[Oahu_CentralTrackingPV_77_na,2037]	936843.327431
BuildProj[Oahu_CentralTrackingPV_226_na,2037]	938907.532862
BuildProj[Oahu_CentralTrackingPV_587_na,2021]	4096614.61686
BuildProj[Oahu_CentralTrackingPV_153_na,2021]	4093458.43494
BuildProj[Oahu_CentralTrackingPV_718_na,2037]	933803.978168
BuildProj[Oahu_CentralTrackingPV_148_na,2037]	937423.005095
BuildProj[Oahu_CentralTrackingPV_27_na,2021]	4092365.48158
BuildProj[Oahu_CentralTrackingPV_536_na,2037]	940848.657511
BuildProj[Oahu_CentralTrackingPV_149_na,2021]	4089306.67822
BuildProj[Oahu_CentralTrackingPV_348_na,2037]	929454.300536
BuildProj[Oahu_CentralTrackingPV_701_na,2037]	931457.90886
BuildProj[Oahu_CentralTrackingPV_465_na,2037]	935319.116455
BuildProj[Oahu_CentralTrackingPV_3_na,2037]	941118.459435
BuildProj[Oahu_CentralTrackingPV_199_na,2021]	4072886.45925
BuildProj[Oahu_CentralTrackingPV_228_na,2037]	939798.361613
BuildProj[Oahu_CentralTrackingPV_423_na,2021]	4066643.51358
BuildProj[Oahu_CentralTrackingPV_660_na,2021]	4072621.48466
BuildProj[Oahu_CentralTrackingPV_186_na,2021]	4083502.90285
BuildProj[Oahu_CentralTrackingPV_194_na,2021]	4091827.59344
BuildProj[Oahu_CentralTrackingPV_416_na,2037]	928296.610987
BuildProj[Oahu_CentralTrackingPV_209_na,2037]	932150.655658
BuildProj[Oahu_CentralTrackingPV_236_na,2021]	4071142.43351
BuildProj[Oahu_CentralTrackingPV_479_na,2021]	4064360.46048
BuildProj[Oahu_CentralTrackingPV_304_na,2021]	4068596.30801
BuildProj[Oahu_CentralTrackingPV_579_na,2021]	4060866.47742
BuildProj[Oahu_CentralTrackingPV_110_na,2021]	4093151.69051
BuildProj[Oahu_CentralTrackingPV_565_na,2037]	928052.472307
BuildProj[Oahu_CentralTrackingPV_692_na,2037]	930406.9636
BuildProj[Oahu_CentralTrackingPV_696_na,2037]	930930.931522
BuildProj[Oahu_CentralTrackingPV_577_na,2021]	4055633.77091
BuildProj[Oahu_CentralTrackingPV_89_na,2037]	935215.954489
BuildProj[Oahu_CentralTrackingPV_55_na,2037]	936169.67454
BuildProj[Oahu_OnshoreWind_203_na,2021]	3932378.67376
BuildProj[Oahu_CentralTrackingPV_494_na,2037]	940579.501347
BuildProj[Oahu_CentralTrackingPV_438_na,2037]	936483.306707
BuildProj[Oahu_CentralTrackingPV_491_na,2021]	4079798.58951
BuildProj[Oahu_CentralTrackingPV_592_na,2021]	4060307.33009
BuildProj[Oahu_CentralTrackingPV_532_na,2037]	929478.021931
BuildProj[Oahu_CentralTrackingPV_36_na,2021]	4091125.61775
BuildProj[Oahu_CentralTrackingPV_637_na,2021]	4078152.52576
BuildProj[Oahu_CentralTrackingPV_725_na,2037]	934228.058118
BuildProj[Oahu_CentralTrackingPV_426_na,2021]	4069980.07491
BuildProj[Oahu_CentralTrackingPV_289_na,2021]	4083904.09698
BuildProj[Oahu_CentralTrackingPV_723_na,2021]	4080537.87463
BuildProj[Oahu_OnshoreWind_103_na,2021]	3951419.59682
BuildProj[Oahu_CentralTrackingPV_443_na,2037]	940877.125067
BuildProj[Oahu_CentralTrackingPV_632_na,2037]	929059.243126
BuildProj[Oahu_CentralTrackingPV_235_na,2021]	4071054.21652
BuildProj[Oahu_CentralTrackingPV_429_na,2021]	4074078.69174
BuildProj[Oahu_CentralTrackingPV_334_na,2021]	4092559.2017
BuildProj[Oahu_CentralTrackingPV_693_na,2021]	4071902.21687
BuildProj[Oahu_CentralTrackingPV_387_na,2021]	4068527.8049
BuildProj[Oahu_OffshoreWind_0_na,2021]	6629261.52239
BuildProj[Oahu_CentralTrackingPV_150_na,2037]	938189.90052
BuildProj[Oahu_CentralTrackingPV_205_na,2021]	4072908.47395
BuildProj[Oahu_CentralTrackingPV_57_na,2037]	936349.014032
BuildProj[Oahu_CentralTrackingPV_581_na,2037]	927833.218913
BuildProj[Oahu_CentralTrackingPV_665_na,2037]	928263.726563
BuildProj[Oahu_CentralTrackingPV_233_na,2037]	930822.550896
BuildProj[Oahu_CentralTrackingPV_669_na,2037]	932564.90167
BuildProj[Oahu_CentralTrackingPV_167_na,2037]	937061.622807
BuildProj[Oahu_CentralTrackingPV_523_na,2021]	4058935.35159
BuildProj[Oahu_CentralTrackingPV_346_na,2037]	929253.023138
BuildProj[Oahu_CentralTrackingPV_62_na,2037]	937116.660706
BuildProj[Oahu_CentralTrackingPV_480_na,2021]	4065209.80613
BuildProj[Oahu_CentralTrackingPV_470_na,2037]	942228.970604
BuildProj[Oahu_OnshoreWind_105_na,2037]	1102255.04124
BuildProj[Oahu_CentralTrackingPV_590_na,2037]	924150.920444
BuildProj[Oahu_CentralTrackingPV_571_na,2037]	939642.159951
BuildProj[Oahu_CentralTrackingPV_431_na,2037]	932809.760197
BuildProj[Oahu_CentralTrackingPV_296_na,2037]	938821.806534
BuildProj[Oahu_CentralTrackingPV_616_na,2037]	923101.80451
BuildProj[Oahu_CentralTrackingPV_658_na,2037]	930000.484209
BuildProj[Oahu_CentralTrackingPV_82_na,2021]	4094239.88358
BuildProj[Oahu_CentralTrackingPV_35_na,2037]	938100.829144
BuildProj[Oahu_CentralTrackingPV_512_na,2037]	929761.460201
BuildProj[Oahu_CentralTrackingPV_371_na,2021]	4091970.53986
BuildProj[Oahu_CentralTrackingPV_280_na,2021]	4074222.81639
BuildProj[Oahu_CentralTrackingPV_117_na,2021]	4079456.77998
BuildProj[Oahu_CentralTrackingPV_455_na,2037]	930402.482164
BuildProj[Oahu_CentralTrackingPV_643_na,2021]	4068348.06887
BuildProj[Oahu_CentralTrackingPV_46_na,2037]	937257.257225
BuildProj[Oahu_CentralTrackingPV_32_na,2021]	4088507.62269
BuildProj[Oahu_CentralTrackingPV_447_na,2021]	4064719.11308
BuildProj[Oahu_CentralTrackingPV_166_na,2021]	4086399.02351
BuildProj[Oahu_CentralTrackingPV_312_na,2037]	930291.207518
BuildProj[Oahu_CentralTrackingPV_639_na,2021]	4063659.5126
BuildProj[Oahu_CentralTrackingPV_562_na,2021]	4060428.51994
BuildProj[Oahu_CentralTrackingPV_67_na,2021]	4096170.67361
BuildProj[Oahu_CentralTrackingPV_279_na,2037]	931719.182351
BuildProj[Oahu_OnshoreWind_405_na,2021]	3926541.30408
BuildProj[Oahu_CentralTrackingPV_356_na,2037]	932232.564961
BuildProj[Oahu_CT_100,2021]	1717573.77431
BuildProj[Oahu_CentralTrackingPV_478_na,2037]	927930.998693
BuildProj[Oahu_CentralTrackingPV_19_na,2037]	939269.910988
BuildProj[Oahu_CentralTrackingPV_724_na,2021]	4080239.76082
BuildProj[Oahu_CentralTrackingPV_398_na,2021]	4080487.49709
BuildProj[Oahu_CentralTrackingPV_249_na,2037]	934462.235437
BuildProj[Oahu_CentralTrackingPV_655_na,2021]	4065575.09309
BuildProj[Oahu_CentralTrackingPV_698_na,2021]	4073546.8541
BuildProj[Oahu_CentralTrackingPV_316_na,2021]	4072325.56512
BuildProj[Oahu_CentralTrackingPV_454_na,2037]	930011.048445
BuildProj[Oahu_CentralTrackingPV_460_na,2037]	932979.642557
BuildProj[Oahu_CentralTrackingPV_147_na,2021]	4087364.71648
BuildProj[Oahu_CentralTrackingPV_268_na,2037]	930299.085295
BuildProj[Oahu_CentralTrackingPV_507_na,2021]	4063280.37221
BuildProj[Oahu_CentralTrackingPV_37_na,2037]	940306.660261
BuildProj[Oahu_OnshoreWind_205_na,2021]	3948956.60456
BuildProj[Oahu_CentralTrackingPV_477_na,2037]	927674.759418
BuildProj[Oahu_CentralTrackingPV_163_na,2021]	4083589.61313
BuildProj[Oahu_CentralTrackingPV_354_na,2021]	4071198.24011
BuildProj[Oahu_CentralTrackingPV_597_na,2037]	938993.590395
BuildProj[Oahu_CentralTrackingPV_308_na,2037]	929780.730327
BuildProj[Oahu_CentralTrackingPV_336_na,2037]	939989.813796
BuildProj[Oahu_CentralTrackingPV_705_na,2021]	4074384.94232
BuildProj[Oahu_CentralTrackingPV_119_na,2021]	4088469.84114
BuildProj[Oahu_CentralTrackingPV_660_na,2037]	931394.396646
BuildProj[Oahu_CentralTrackingPV_198_na,2021]	4073194.16076
BuildProj[Oahu_CentralTrackingPV_352_na,2021]	4069697.74354
BuildProj[Oahu_CentralTrackingPV_126_na,2037]	933661.492044
BuildProj[Oahu_OnshoreWind_509_na,2037]	1101376.64177
BuildProj[Oahu_CentralTrackingPV_182_na,2037]	933335.569773
BuildProj[Oahu_CentralTrackingPV_710_na,2021]	4075742.97512
BuildProj[Oahu_CentralTrackingPV_633_na,2037]	929537.413193
BuildProj[Oahu_CentralTrackingPV_172_na,2037]	939075.723066
BuildProj[Oahu_CentralTrackingPV_686_na,2037]	929477.594251
BuildProj[Oahu_CentralTrackingPV_293_na,2021]	4088430.04968
BuildProj[Oahu_CentralTrackingPV_679_na,2021]	4065303.78881
BuildProj[Oahu_CentralTrackingPV_263_na,2021]	4096212.53801
BuildProj[Oahu_CentralTrackingPV_118_na,2037]	934089.740812
BuildProj[Oahu_CentralTrackingPV_192_na,2037]	937923.938328
BuildProj[Oahu_CentralTrackingPV_515_na,2021]	4076753.84169
BuildProj[Oahu_CentralTrackingPV_355_na,2037]	931167.035833
BuildProj[Oahu_CentralTrackingPV_48_na,2037]	937604.977633
BuildProj[Oahu_CentralTrackingPV_161_na,2037]	932369.084959
BuildProj[Oahu_OnshoreWind_507_na,2037]	1101881.73318
BuildProj[Oahu_CentralTrackingPV_391_na,2037]	931123.786808
BuildProj[Oahu_CentralTrackingPV_489_na,2021]	4077318.87943
BuildProj[Oahu_CentralTrackingPV_623_na,2037]	934801.575843
BuildProj[Oahu_CentralTrackingPV_617_na,2037]	933719.25626
BuildProj[Oahu_CentralTrackingPV_603_na,2021]	4088253.8454
BuildProj[Oahu_CentralTrackingPV_620_na,2037]	936329.951138
BuildProj[Oahu_CentralTrackingPV_243_na,2037]	931906.957019
BuildProj[Oahu_CentralTrackingPV_256_na,2021]	4088030.09716
BuildProj[Oahu_CentralTrackingPV_506_na,2037]	927492.407612
BuildProj[Oahu_CentralTrackingPV_382_na,2037]	928685.964436
BuildProj[Oahu_CentralTrackingPV_568_na,2021]	4090072.79443
BuildProj[Oahu_CentralTrackingPV_184_na,2021]	4079149.18989
BuildProj[Oahu_OnshoreWind_306_na,2037]	1102487.94004
BuildProj[Oahu_CentralTrackingPV_187_na,2021]	4084462.85026
BuildProj[Oahu_CentralTrackingPV_616_na,2021]	4051021.71652
BuildProj[Oahu_CentralTrackingPV_585_na,2021]	4093921.73868
BuildProj[Oahu_CentralTrackingPV_2_na,2037]	940927.908473
BuildProj[Oahu_IC_Schofield,2037]	856440.851845
BuildProj[Oahu_CentralTrackingPV_110_na,2037]	939276.361979
BuildProj[Oahu_CentralTrackingPV_98_na,2021]	4095077.0118
BuildProj[Oahu_Kawailoa_1,2012]	15297436.9555
BuildProj[Oahu_CentralTrackingPV_463_na,2037]	934368.622193
BuildProj[Oahu_CentralTrackingPV_337_na,2021]	4096246.1597
BuildProj[Oahu_CentralTrackingPV_458_na,2037]	932082.375828
BuildProj[Oahu_CentralTrackingPV_642_na,2037]	929290.703979
BuildProj[Oahu_CentralTrackingPV_90_na,2021]	4082853.6692
BuildProj[Oahu_CentralTrackingPV_484_na,2021]	4069173.41393
BuildProj[Oahu_CentralTrackingPV_214_na,2021]	4078037.64787
BuildProj[Oahu_CentralTrackingPV_555_na,2037]	940240.282814
BuildProj[Oahu_CentralTrackingPV_418_na,2037]	928158.428179
BuildProj[Oahu_CentralTrackingPV_105_na,2021]	4081521.19751
BuildProj[Oahu_CentralTrackingPV_702_na,2037]	931489.25205
BuildProj[Oahu_CentralTrackingPV_487_na,2021]	4074902.75509
BuildProj[Oahu_CentralTrackingPV_508_na,2037]	928157.956652
BuildProj[Oahu_CentralTrackingPV_504_na,2037]	926973.14324
BuildProj[Oahu_CentralTrackingPV_453_na,2021]	4066277.499
BuildProj[Oahu_OnshoreWind_209_na,2021]	3927962.35504
BuildProj[Oahu_CentralTrackingPV_379_na,2037]	928810.64241
BuildProj[Oahu_OnshoreWind_501_na,2021]	3960514.36597
BuildProj[Oahu_CentralTrackingPV_262_na,2021]	4095015.77779
BuildProj[Oahu_CentralTrackingPV_715_na,2021]	4077102.15027
BuildProj[Oahu_CentralTrackingPV_464_na,2021]	4081594.39212
BuildProj[Oahu_CentralTrackingPV_41_na,2021]	4086416.79727
BuildProj[Oahu_CentralTrackingPV_602_na,2037]	924097.356405
BuildProj[Oahu_CentralTrackingPV_315_na,2037]	930994.66847
BuildProj[Oahu_CC_383,2021]	2337105.3892
BuildProj[Oahu_CentralTrackingPV_356_na,2021]	4074804.66707
BuildProj[Oahu_CentralTrackingPV_311_na,2021]	4069287.23816
BuildProj[Oahu_CentralTrackingPV_303_na,2037]	929956.949621
BuildProj[Oahu_CentralTrackingPV_144_na,2037]	932893.501806
BuildProj[Oahu_OnshoreWind_409_na,2037]	1104914.25114
BuildProj[Oahu_CentralTrackingPV_469_na,2021]	4099520.89989
BuildProj[Oahu_CentralTrackingPV_499_na,2037]	927464.422914
BuildProj[Oahu_OnshoreWind_204_na,2021]	3945928.38681
BuildProj[Oahu_CentralTrackingPV_456_na,2037]	930804.12261
BuildProj[Oahu_CentralTrackingPV_707_na,2021]	4074166.73134
BuildProj[Oahu_CentralTrackingPV_420_na,2037]	928446.824857
BuildProj[Oahu_CentralTrackingPV_633_na,2021]	4067784.5879
BuildProj[Oahu_IC_MCBH,2021]	4279534.70907
BuildProj[Oahu_CC_152,2021]	2324123.17979
BuildProj[Oahu_CentralTrackingPV_541_na,2037]	925801.244731
BuildProj[Oahu_CentralTrackingPV_476_na,2021]	4062366.74141
BuildProj[Oahu_CentralTrackingPV_105_na,2037]	934811.178179
BuildProj[Oahu_CentralTrackingPV_629_na,2037]	933912.015953
BuildProj[Oahu_CentralTrackingPV_232_na,2037]	930886.658918
BuildProj[Oahu_CentralTrackingPV_573_na,2021]	4096786.9753
BuildProj[Oahu_CentralTrackingPV_91_na,2037]	935597.346523
BuildProj[Oahu_CentralTrackingPV_666_na,2037]	928628.32935
BuildProj[Oahu_CentralTrackingPV_276_na,2037]	930976.664982
BuildProj[Oahu_CentralTrackingPV_490_na,2021]	4078560.18149
BuildProj[Oahu_CentralTrackingPV_345_na,2037]	929211.181759
BuildProj[Oahu_CentralTrackingPV_211_na,2037]	932620.768221
BuildProj[Oahu_CentralTrackingPV_570_na,2021]	4092749.51894
BuildProj[Oahu_CentralTrackingPV_292_na,2021]	4087279.37398
BuildProj[Oahu_CentralTrackingPV_84_na,2037]	940394.267681
BuildProj[Oahu_CentralTrackingPV_502_na,2021]	4060275.66409
BuildProj[Oahu_CentralTrackingPV_21_na,2037]	941764.806707
BuildProj[Oahu_CentralTrackingPV_552_na,2037]	938699.240776
BuildProj[Oahu_CentralTrackingPV_708_na,2021]	4076222.07535
BuildProj[Oahu_CentralTrackingPV_598_na,2021]	4093780.33503
BuildProj[Oahu_OnshoreWind_307_na,2037]	1096089.08492
BuildProj[Oahu_CentralTrackingPV_115_na,2037]	933945.685661
BuildProj[Oahu_CentralTrackingPV_546_na,2021]	4063441.59125
BuildProj[Oahu_CentralTrackingPV_594_na,2037]	937439.574579
BuildProj[Oahu_CentralTrackingPV_156_na,2021]	4076199.41179
BuildProj[Oahu_CentralTrackingPV_47_na,2021]	4088326.73306
BuildProj[Oahu_OnshoreWind_206_na,2037]	1108048.64461
BuildProj[Oahu_CentralTrackingPV_169_na,2037]	937846.561874
BuildProj[Oahu_CentralTrackingPV_401_na,2021]	4084036.33991
BuildProj[Oahu_CentralTrackingPV_510_na,2037]	928924.906398
BuildProj[Oahu_CentralTrackingPV_68_na,2037]	940780.231405
BuildProj[Oahu_CentralTrackingPV_360_na,2037]	933838.067154
BuildProj[Oahu_CentralTrackingPV_636_na,2021]	4072917.20264
BuildProj[Oahu_CentralTrackingPV_627_na,2037]	934860.471228
BuildProj[Oahu_CentralTrackingPV_405_na,2037]	937653.03163
BuildProj[Oahu_CentralTrackingPV_234_na,2037]	930791.172142
BuildProj[Oahu_CentralTrackingPV_409_na,2037]	940063.873407
BuildProj[Oahu_CentralTrackingPV_63_na,2037]	937322.027687
BuildProj[Oahu_CentralTrackingPV_374_na,2037]	940256.399095
BuildProj[Oahu_CentralTrackingPV_171_na,2021]	4091537.00133
BuildProj[Oahu_CentralTrackingPV_65_na,2021]	4094433.46196
BuildProj[Oahu_CentralTrackingPV_538_na,2021]	4099923.10176
BuildProj[Oahu_CentralTrackingPV_290_na,2021]	4085008.63823
BuildProj[Oahu_Waiau_W5,1959]	3043335.10775
BuildProj[Oahu_DistPV_1_na,2037]	622498.470863
BuildProj[Oahu_CentralTrackingPV_474_na,2021]	4061464.50393
BuildProj[Oahu_OnshoreWind_201_na,2021]	3937733.11585
BuildProj[Oahu_CentralTrackingPV_678_na,2037]	928448.52722
BuildProj[Oahu_CentralTrackingPV_528_na,2037]	927790.13454
BuildProj[Oahu_CentralTrackingPV_121_na,2021]	4090279.12778
BuildProj[Oahu_CentralTrackingPV_632_na,2021]	4066539.09525
BuildProj[Oahu_CentralTrackingPV_495_na,2037]	941082.890446
BuildProj[Oahu_CentralTrackingPV_324_na,2021]	4080899.22885
BuildProj[Oahu_IC_Barge,2037]	526851.189302
BuildProj[Oahu_CentralTrackingPV_259_na,2021]	4091470.09672
BuildProj[Oahu_CentralTrackingPV_75_na,2021]	4085756.86023
BuildProj[Oahu_CentralTrackingPV_71_na,2021]	4083703.52223
BuildProj[Oahu_CentralTrackingPV_729_na,2021]	4082599.40084
BuildProj[Oahu_CentralTrackingPV_569_na,2021]	4091410.60893
BuildProj[Oahu_CentralTrackingPV_3_na,2021]	4097949.81362
BuildProj[Oahu_CentralTrackingPV_319_na,2021]	4075778.66275
BuildProj[Oahu_CentralTrackingPV_273_na,2037]	930478.358673
BuildProj[Oahu_CentralTrackingPV_626_na,2021]	4080306.69533
BuildProj[Oahu_CentralTrackingPV_165_na,2037]	936311.277807
BuildProj[Oahu_OnshoreWind_503_na,2037]	1100911.87028
BuildProj[Oahu_CentralTrackingPV_532_na,2021]	4067629.8911
BuildProj[Oahu_CentralTrackingPV_596_na,2021]	4091065.4978
BuildProj[Oahu_CentralTrackingPV_563_na,2037]	927145.260706
BuildProj[Oahu_CentralTrackingPV_501_na,2021]	4060098.05191
BuildProj[Oahu_CentralTrackingPV_549_na,2021]	4066966.99181
BuildProj[Oahu_CentralTrackingPV_83_na,2037]	940041.863026
BuildProj[Oahu_CentralTrackingPV_84_na,2021]	4096063.50669
BuildProj[Oahu_CentralTrackingPV_644_na,2037]	930224.035378
BuildProj[Oahu_CentralTrackingPV_403_na,2037]	936704.951949
BuildProj[Oahu_CentralTrackingPV_662_na,2037]	932354.24692
BuildProj[Oahu_CentralTrackingPV_368_na,2021]	4088289.65379
BuildProj[Oahu_CentralTrackingPV_488_na,2037]	932731.31728
BuildProj[Oahu_CentralTrackingPV_193_na,2037]	938340.608351
BuildProj[Oahu_CentralTrackingPV_656_na,2021]	4066677.56497
BuildProj[Oahu_CentralTrackingPV_410_na,2021]	4096487.33454
BuildProj[Oahu_OnshoreWind_302_na,2037]	1103769.76305
BuildProj[Oahu_CentralTrackingPV_177_na,2021]	4074230.02236
BuildProj[Oahu_CentralTrackingPV_240_na,2037]	931276.597305
BuildProj[Oahu_CentralTrackingPV_229_na,2037]	931262.61879
BuildProj[Oahu_CentralTrackingPV_472_na,2021]	4063534.04561
BuildProj[Oahu_CentralTrackingPV_79_na,2021]	4091690.99413
BuildProj[Oahu_CentralTrackingPV_385_na,2021]	4067219.26358
BuildProj[Oahu_CentralTrackingPV_671_na,2037]	927804.322625
BuildProj[Oahu_CentralTrackingPV_210_na,2021]	4075171.5074
BuildProj[Oahu_CentralTrackingPV_424_na,2037]	929384.326235
BuildProj[Oahu_CentralTrackingPV_650_na,2037]	933160.337563
BuildProj[Oahu_CentralTrackingPV_174_na,2037]	932427.433907
BuildProj[Oahu_CentralTrackingPV_325_na,2037]	934996.810168
BuildProj[Oahu_CentralTrackingPV_288_na,2037]	935309.037399
BuildProj[Oahu_CentralTrackingPV_413_na,2021]	4100324.17477
BuildProj[Oahu_CentralTrackingPV_630_na,2021]	4080525.99395
BuildProj[Oahu_CentralTrackingPV_517_na,2021]	4096213.43837
BuildProj[Oahu_CentralTrackingPV_74_na,2021]	4085291.48609
BuildProj[Oahu_CentralTrackingPV_448_na,2037]	928125.689978
BuildProj[Oahu_CentralTrackingPV_18_na,2037]	939088.704909
BuildProj[Oahu_CentralTrackingPV_651_na,2021]	4078516.58785
BuildProj[Oahu_CentralTrackingPV_23_na,2037]	942392.16552
BuildProj[Oahu_CentralTrackingPV_373_na,2021]	4094453.39702
BuildProj[Oahu_CentralTrackingPV_178_na,2021]	4073791.50624
BuildProj[Oahu_CentralTrackingPV_267_na,2021]	4070209.43532
BuildProj[Oahu_CentralTrackingPV_129_na,2021]	4077957.87906
BuildProj[Oahu_OnshoreWind_505_na,2037]	1105310.43406
BuildProj[Oahu_CentralTrackingPV_10_na,2021]	4093540.62322
BuildProj[Oahu_CentralTrackingPV_610_na,2021]	4088188.12904
BuildProj[Oahu_CentralTrackingPV_558_na,2037]	941785.504091
BuildProj[Oahu_CentralTrackingPV_342_na,2037]	929326.447468
BuildProj[Oahu_CentralTrackingPV_212_na,2037]	932885.713877
BuildProj[Oahu_CentralTrackingPV_614_na,2021]	4085444.35107
BuildProj[Oahu_CentralTrackingPV_39_na,2021]	4098282.29539
BuildProj[Oahu_CentralTrackingPV_521_na,2037]	942489.188046
BuildProj[Oahu_CentralTrackingPV_254_na,2037]	936456.273325
BuildProj[Oahu_CentralTrackingPV_331_na,2021]	4088933.14927
BuildProj[Oahu_CentralTrackingPV_608_na,2021]	4085463.32725
BuildProj[Oahu_CentralTrackingPV_109_na,2021]	4092203.77579
BuildProj[Oahu_CentralTrackingPV_419_na,2021]	4064580.1287
BuildProj[Oahu_CentralTrackingPV_621_na,2037]	933759.703531
BuildProj[Oahu_OnshoreWind_207_na,2037]	1097896.77317
BuildProj[Oahu_CentralTrackingPV_125_na,2021]	4079212.16882
BuildProj[Oahu_CentralTrackingPV_673_na,2037]	928660.30342
BuildProj[Oahu_CentralTrackingPV_717_na,2037]	933923.53422
BuildProj[Oahu_CentralTrackingPV_713_na,2037]	933289.770229
BuildProj[Oahu_CentralTrackingPV_137_na,2037]	938162.124008
BuildProj[Oahu_CentralTrackingPV_712_na,2021]	4077884.29535
BuildProj[Oahu_CentralTrackingPV_363_na,2021]	4082360.26377
BuildProj[Oahu_CentralTrackingPV_29_na,2021]	4098516.39278
BuildProj[Oahu_CentralTrackingPV_519_na,2021]	4098855.83053
BuildProj[Oahu_CentralTrackingPV_221_na,2021]	4086636.87083
BuildProj[Oahu_CentralTrackingPV_428_na,2021]	4071958.18042
BuildProj[Oahu_OnshoreWind_303_na,2021]	3957324.32345
BuildProj[Oahu_CentralTrackingPV_557_na,2037]	941266.183947
BuildProj[Oahu_CentralTrackingPV_365_na,2021]	4084696.75298
BuildProj[Oahu_CentralTrackingPV_584_na,2021]	4092561.03222
BuildProj[Oahu_CentralTrackingPV_217_na,2021]	4082537.58175
BuildProj[Oahu_CentralTrackingPV_358_na,2037]	933014.012262
BuildProj[Oahu_CentralTrackingPV_287_na,2037]	934895.283498
BuildProj[Oahu_CentralTrackingPV_451_na,2021]	4064779.5843
BuildProj[Oahu_CentralTrackingPV_189_na,2037]	936710.4362
BuildProj[Oahu_CentralTrackingPV_13_na,2037]	939949.284153
BuildProj[Oahu_CentralTrackingPV_425_na,2021]	4069062.92352
BuildProj[Oahu_CentralTrackingPV_139_na,2037]	938927.630059
BuildProj[Oahu_CentralTrackingPV_466_na,2037]	936278.065402
BuildProj[Oahu_CentralTrackingPV_473_na,2037]	927650.282444
BuildProj[Oahu_CentralTrackingPV_112_na,2021]	4079627.4861
BuildProj[Oahu_CentralTrackingPV_404_na,2021]	4087691.21307
BuildProj[Oahu_CentralTrackingPV_343_na,2037]	929247.769253
BuildProj[Oahu_CentralTrackingPV_316_na,2037]	931280.787092
BuildProj[Oahu_CentralTrackingPV_622_na,2037]	934283.444775
BuildProj[Oahu_CentralTrackingPV_454_na,2021]	4069018.26869
BuildProj[Oahu_OnshoreWind_305_na,2021]	3949516.59959
BuildProj[Oahu_CentralTrackingPV_265_na,2021]	4070986.62707
BuildProj[Oahu_CentralTrackingPV_518_na,2037]	940958.698354
BuildProj[Oahu_CentralTrackingPV_583_na,2037]	938533.244089
BuildProj[Oahu_CentralTrackingPV_99_na,2037]	934537.241821
BuildProj[Oahu_CentralTrackingPV_646_na,2021]	4072081.54034
BuildProj[Oahu_CentralTrackingPV_381_na,2021]	4065561.13709
BuildProj[Oahu_CentralTrackingPV_364_na,2037]	935576.553825
BuildProj[Oahu_CentralTrackingPV_682_na,2037]	929224.229617
BuildProj[Oahu_CentralTrackingPV_266_na,2037]	930601.320484
BuildProj[Oahu_CentralTrackingPV_628_na,2021]	4067307.74382
BuildProj[Oahu_CentralTrackingPV_520_na,2021]	4100194.61777
BuildProj[Oahu_CentralTrackingPV_333_na,2021]	4091332.18231
BuildProj[Oahu_CentralTrackingPV_308_na,2021]	4068418.3576
BuildProj[Oahu_CentralTrackingPV_59_na,2021]	4086189.97289
BuildProj[Oahu_CentralTrackingPV_582_na,2021]	4089871.84272
BuildProj[Oahu_CentralTrackingPV_73_na,2037]	936099.635771
BuildProj[Oahu_CentralTrackingPV_329_na,2021]	4086563.79149
BuildProj[Oahu_CentralTrackingPV_421_na,2021]	4065419.70705
BuildProj[Oahu_CentralTrackingPV_521_na,2021]	4101520.15926
BuildProj[Oahu_AES_GEN1,1992]	3720575.08311
BuildProj[Oahu_CentralTrackingPV_11_na,2037]	939585.461559
BuildProj[Oahu_CentralTrackingPV_566_na,2021]	4065135.15083
BuildProj[Oahu_CentralTrackingPV_588_na,2021]	4097961.81044
BuildProj[Oahu_CentralTrackingPV_497_na,2021]	4100501.24925
BuildProj[Oahu_OnshoreWind_406_na,2021]	3940823.53293
BuildProj[Oahu_CentralTrackingPV_683_na,2021]	4066286.2388
BuildProj[Oahu_CentralTrackingPV_564_na,2021]	4062711.43376
BuildProj[Oahu_CentralTrackingPV_96_na,2037]	939299.635013
BuildProj[Oahu_CentralTrackingPV_674_na,2021]	4063616.44433
BuildProj[Oahu_CentralTrackingPV_202_na,2037]	931318.125232
BuildProj[Oahu_CentralTrackingPV_72_na,2021]	4083921.63873
BuildProj[Oahu_OnshoreWind_504_na,2021]	3925408.60711
BuildProj[Oahu_CentralTrackingPV_30_na,2037]	941653.914206
BuildProj[Oahu_OnshoreWind_508_na,2021]	3945618.55682
BuildProj[Oahu_CentralTrackingPV_247_na,2037]	933055.893537
BuildProj[Oahu_CentralTrackingPV_731_na,2037]	934835.333852
BuildProj[Oahu_CentralTrackingPV_271_na,2021]	4069779.91057
BuildProj[Oahu_CentralTrackingPV_168_na,2037]	937447.908625
BuildProj[Oahu_CentralTrackingPV_370_na,2021]	4090726.04814
BuildProj[Oahu_CentralTrackingPV_283_na,2037]	933349.940046
BuildProj[Oahu_CentralTrackingPV_590_na,2021]	4053754.35555
BuildProj[Oahu_CentralTrackingPV_595_na,2037]	937957.419558
BuildProj[Oahu_CentralTrackingPV_530_na,2021]	4065350.90219
BuildProj[Oahu_CentralTrackingPV_561_na,2037]	926309.095705
BuildProj[Oahu_CentralTrackingPV_16_na,2021]	4102351.04123
BuildProj[Oahu_CentralTrackingPV_301_na,2021]	4098057.69228
BuildProj[Oahu_CentralTrackingPV_243_na,2021]	4073956.55396
BuildProj[Oahu_CentralTrackingPV_120_na,2021]	4089366.56904
BuildProj[Oahu_CentralTrackingPV_326_na,2037]	935423.845722
BuildProj[Oahu_CentralTrackingPV_513_na,2037]	930196.406302
BuildProj[Oahu_CentralTrackingPV_338_na,2021]	4097502.7104
BuildProj[Oahu_CentralTrackingPV_631_na,2021]	4064092.77731
BuildProj[Oahu_OnshoreWind_202_na,2037]	1104377.92735
BuildProj[Oahu_CentralTrackingPV_390_na,2037]	930766.378527
BuildProj[Oahu_CentralTrackingPV_208_na,2037]	931949.08816
BuildProj[Oahu_CentralTrackingPV_649_na,2037]	932659.778641
BuildProj[Oahu_CentralTrackingPV_399_na,2037]	934861.434036
BuildProj[Oahu_CentralTrackingPV_5_na,2021]	4099044.97539
BuildProj[Oahu_CentralTrackingPV_430_na,2037]	932374.849628
BuildProj[Oahu_CentralTrackingPV_101_na,2037]	934471.250341
BuildProj[Oahu_CentralTrackingPV_197_na,2021]	4073578.40573
BuildProj[Oahu_CentralTrackingPV_446_na,2021]	4101217.2976
BuildProj[Oahu_CentralTrackingPV_353_na,2021]	4070413.15814
BuildProj[Oahu_CentralTrackingPV_204_na,2037]	931412.790176
BuildProj[Oahu_CentralTrackingPV_285_na,2021]	4079678.40645
BuildProj[Oahu_CentralTrackingPV_22_na,2037]	942075.771614
BuildProj[Oahu_CentralTrackingPV_689_na,2021]	4070305.81711
BuildProj[Oahu_CentralTrackingPV_675_na,2037]	928086.037759
BuildProj[Oahu_CentralTrackingPV_687_na,2037]	929986.714529
BuildProj[Oahu_CentralTrackingPV_330_na,2037]	937197.144934
BuildProj[Oahu_CentralTrackingPV_128_na,2037]	933492.204705
BuildProj[Oahu_Honolulu_H9,1957]	0.0
BuildProj[Oahu_CentralTrackingPV_213_na,2037]	933172.659643
BuildProj[Oahu_CentralTrackingPV_539_na,2021]	4101255.59034
BuildProj[Oahu_CentralTrackingPV_122_na,2021]	4091215.6557
BuildProj[Oahu_CentralTrackingPV_599_na,2021]	4095130.67336
BuildProj[Oahu_CentralTrackingPV_659_na,2037]	930456.299444
BuildProj[Oahu_CentralTrackingPV_15_na,2021]	4101544.09135
BuildProj[Oahu_CentralTrackingPV_12_na,2021]	4094415.18033
BuildProj[Oahu_CentralTrackingPV_384_na,2021]	4066691.47031
BuildProj[Oahu_CentralTrackingPV_269_na,2037]	930265.640945
BuildProj[Oahu_Kahuku_1,2011]	15236777.0761
BuildProj[Oahu_CentralTrackingPV_503_na,2037]	926786.262768
BuildProj[Oahu_CentralTrackingPV_545_na,2037]	927450.531027
BuildProj[Oahu_CentralTrackingPV_450_na,2037]	928147.880597
BuildProj[Oahu_CentralTrackingPV_219_na,2021]	4084547.75962
BuildProj[Oahu_Kahe_K2,1964]	0.0
BuildProj[Oahu_CentralTrackingPV_481_na,2021]	4066117.51761
BuildProj[Oahu_CentralTrackingPV_428_na,2037]	931139.740603
BuildProj[Oahu_OnshoreWind_304_na,2037]	1107517.59019
BuildProj[Oahu_CentralTrackingPV_181_na,2021]	4074550.88326
BuildProj[Oahu_CentralTrackingPV_164_na,2021]	4084494.97824
BuildProj[Oahu_CentralTrackingPV_412_na,2021]	4099041.17475
BuildProj[Oahu_CentralTrackingPV_436_na,2037]	935067.972219
BuildProj[Oahu_CentralTrackingPV_191_na,2021]	4088560.51811
BuildProj[Oahu_CentralTrackingPV_339_na,2037]	941426.152496
BuildProj[Oahu_CentralTrackingPV_104_na,2021]	4081231.36142
BuildProj[Oahu_CentralTrackingPV_251_na,2037]	935231.614914
BuildProj[Oahu_CentralTrackingPV_658_na,2021]	4068990.75196
BuildProj[Oahu_CentralTrackingPV_20_na,2037]	939463.208666
BuildProj[Oahu_OnshoreWind_402_na,2021]	3954468.85238
BuildProj[Oahu_CentralTrackingPV_694_na,2037]	931024.889006
BuildProj[Oahu_CentralTrackingPV_322_na,2021]	4078778.48794
BuildProj[Oahu_CentralTrackingPV_76_na,2021]	4086261.30885
BuildProj[Oahu_CentralTrackingPV_146_na,2037]	936691.747288
BuildProj[Oahu_CentralTrackingPV_681_na,2037]	928977.308969
BuildProj[Oahu_CentralTrackingPV_14_na,2037]	940366.903679
BuildProj[Oahu_CentralTrackingPV_386_na,2021]	4067831.34628
BuildProj[Oahu_CentralTrackingPV_652_na,2021]	4062531.69898
BuildProj[Oahu_CentralTrackingPV_492_na,2037]	934628.955968
BuildProj[Oahu_CentralTrackingPV_261_na,2037]	939536.055021
BuildProj[Oahu_CentralTrackingPV_490_na,2037]	933674.38365
BuildProj[Oahu_CentralTrackingPV_612_na,2037]	922736.987473
BuildProj[Oahu_CentralTrackingPV_482_na,2021]	4067093.42564
BuildProj[Oahu_CentralTrackingPV_286_na,2021]	4080697.0075
BuildProj[Oahu_CentralTrackingPV_340_na,2037]	929594.360918
BuildProj[Oahu_CentralTrackingPV_154_na,2021]	4094533.4492
BuildProj[Oahu_CentralTrackingPV_310_na,2021]	4068905.7504
BuildProj[Oahu_CentralTrackingPV_143_na,2021]	4076924.79222
BuildProj[Oahu_CentralTrackingPV_498_na,2037]	927777.041462
BuildProj[Oahu_CentralTrackingPV_514_na,2021]	4075512.51506
BuildProj[Oahu_CentralTrackingPV_618_na,2021]	4082753.69446
BuildProj[Oahu_CentralTrackingPV_641_na,2021]	4065945.73584
BuildProj[Oahu_CentralTrackingPV_327_na,2021]	4084246.49209
BuildProj[Oahu_CentralTrackingPV_556_na,2021]	4096997.95935
BuildProj[Oahu_CentralTrackingPV_690_na,2021]	4070130.923
BuildProj[Oahu_CentralTrackingPV_422_na,2021]	4065987.84588
BuildProj[Oahu_CentralTrackingPV_575_na,2037]	941708.85593
BuildProj[Oahu_CentralTrackingPV_226_na,2021]	4092190.99894
BuildProj[Oahu_CentralTrackingPV_155_na,2021]	4076605.41045
BuildProj[Oahu_CentralTrackingPV_406_na,2021]	4090163.37747
BuildProj[Oahu_CentralTrackingPV_657_na,2037]	929553.536842
BuildProj[Oahu_CentralTrackingPV_153_na,2037]	939394.12743
BuildProj[Oahu_CentralTrackingPV_451_na,2037]	928383.730938
BuildProj[Oahu_CentralTrackingPV_376_na,2021]	4098237.31292
BuildProj[Oahu_CentralTrackingPV_534_na,2021]	4094591.9005
BuildProj[Oahu_CentralTrackingPV_220_na,2021]	4085582.03479
BuildProj[Oahu_CentralTrackingPV_69_na,2021]	4083429.53935
BuildProj[Oahu_CentralTrackingPV_341_na,2037]	929442.373579
BuildProj[Oahu_CentralTrackingPV_270_na,2021]	4069685.71307
BuildProj[Oahu_CentralTrackingPV_149_na,2037]	937800.183229
BuildProj[Oahu_CentralTrackingPV_701_na,2021]	4072786.91533
BuildProj[Oahu_CentralTrackingPV_302_na,2037]	930098.760986
BuildProj[Oahu_CentralTrackingPV_465_na,2021]	4082844.22761
BuildProj[Oahu_CentralTrackingPV_324_na,2037]	934572.391703
BuildProj[Oahu_CentralTrackingPV_439_na,2037]	936965.592642
BuildProj[Oahu_CentralTrackingPV_661_na,2037]	931874.696028
BuildProj[Oahu_CentralTrackingPV_111_na,2021]	4094110.58788
BuildProj[Oahu_CentralTrackingPV_640_na,2037]	928388.201936
BuildProj[Oahu_CentralTrackingPV_540_na,2037]	925629.07624
BuildProj[Oahu_CentralTrackingPV_435_na,2037]	934606.181309
BuildProj[Oahu_CentralTrackingPV_52_na,2037]	940835.544631
BuildProj[Oahu_CentralTrackingPV_176_na,2037]	932123.819162
BuildProj[Oahu_CentralTrackingPV_194_na,2037]	938768.01407
BuildProj[Oahu_CentralTrackingPV_209_na,2021]	4074591.31738
BuildProj[Oahu_CentralTrackingPV_108_na,2021]	4091289.35465
BuildProj[Oahu_CentralTrackingPV_554_na,2037]	939728.000329
BuildProj[Oahu_CentralTrackingPV_668_na,2037]	932095.830498
BuildProj[Oahu_CentralTrackingPV_392_na,2037]	931493.441906
BuildProj[Oahu_CentralTrackingPV_237_na,2021]	4071316.29323
BuildProj[Oahu_CentralTrackingPV_567_na,2037]	929001.326998
BuildProj[Oahu_OnshoreWind_407_na,2021]	3946420.10997
BuildProj[Oahu_CentralTrackingPV_446_na,2037]	942372.913269
BuildProj[Oahu_CentralTrackingPV_509_na,2021]	4065157.67178
BuildProj[Oahu_CentralTrackingPV_580_na,2021]	4062086.58763
BuildProj[Oahu_CentralTrackingPV_577_na,2037]	924872.466385
BuildProj[Oahu_CentralTrackingPV_89_na,2021]	4082575.52098
BuildProj[Oahu_CentralTrackingPV_709_na,2021]	4075949.15362
BuildProj[Oahu_CentralTrackingPV_244_na,2021]	4074631.86407
BuildProj[Oahu_CentralTrackingPV_438_na,2021]	4085876.60146
BuildProj[Oahu_CentralTrackingPV_242_na,2021]	4073346.99164
BuildProj[Oahu_CentralTrackingPV_696_na,2021]	4071414.29406
BuildProj[Oahu_CentralTrackingPV_676_na,2021]	4064509.47079
BuildProj[Oahu_CentralTrackingPV_725_na,2021]	4080002.34094
BuildProj[Oahu_CentralTrackingPV_444_na,2037]	941372.582305
BuildProj[Oahu_OnshoreWind_103_na,2037]	1104966.19678
BuildProj[Oahu_CentralTrackingPV_600_na,2021]	4096481.30764
BuildProj[Oahu_CentralTrackingPV_667_na,2037]	929018.376551
BuildProj[Oahu_CentralTrackingPV_134_na,2021]	4078291.13405
BuildProj[Oahu_CentralTrackingPV_343_na,2021]	4067030.15046
BuildProj[Oahu_CentralTrackingPV_240_na,2021]	4072314.65195
BuildProj[Oahu_CentralTrackingPV_475_na,2037]	927289.238585
BuildProj[Oahu_CentralTrackingPV_150_na,2021]	4090321.77736
BuildProj[Oahu_CentralTrackingPV_196_na,2037]	939629.480362
BuildProj[Oahu_CIP_CIP1,2009]	1860389.00566
BuildProj[Oahu_CentralTrackingPV_201_na,2037]	931346.285943
BuildProj[Oahu_CentralTrackingPV_205_na,2037]	931504.577696
BuildProj[Oahu_CentralTrackingPV_388_na,2037]	930113.533587
BuildProj[Oahu_CentralTrackingPV_233_na,2021]	4071131.99435
BuildProj[Oahu_CentralTrackingPV_669_na,2021]	4075670.30663
BuildProj[Oahu_CentralTrackingPV_167_na,2021]	4087382.94513
BuildProj[Oahu_CentralTrackingPV_572_na,2021]	4095445.31469
BuildProj[Oahu_CentralTrackingPV_62_na,2021]	4087526.3027
BuildProj[Oahu_CentralTrackingPV_94_na,2037]	938623.492176
BuildProj[Oahu_OnshoreWind_105_na,2021]	3944357.83252
BuildProj[Oahu_CentralTrackingPV_230_na,2021]	4071871.95887
BuildProj[Oahu_CentralTrackingPV_222_na,2021]	4087722.7393
BuildProj[Oahu_CentralTrackingPV_603_na,2037]	937395.979207
BuildProj[Oahu_CentralTrackingPV_431_na,2021]	4076308.09121
BuildProj[Oahu_CentralTrackingPV_296_na,2021]	4091967.70702
BuildProj[Oahu_CentralTrackingPV_722_na,2037]	934725.289375
BuildProj[Oahu_CentralTrackingPV_432_na,2021]	4077449.1285
BuildProj[Oahu_CentralTrackingPV_82_na,2037]	939694.141523
BuildProj[Oahu_CentralTrackingPV_35_na,2021]	4090089.77257
BuildProj[Oahu_CentralTrackingPV_721_na,2021]	4082265.67773
BuildProj[Oahu_CentralTrackingPV_457_na,2021]	4073282.02528
BuildProj[Oahu_CentralTrackingPV_512_na,2021]	4068368.16459
BuildProj[Oahu_CentralTrackingPV_371_na,2037]	938822.894121
BuildProj[Oahu_CentralTrackingPV_280_na,2037]	932009.180605
BuildProj[Oahu_CentralTrackingPV_347_na,2037]	929335.128046
BuildProj[Oahu_CentralTrackingPV_248_na,2037]	934089.285475
BuildProj[Oahu_CentralTrackingPV_639_na,2037]	927953.712535
BuildProj[Oahu_CentralTrackingPV_680_na,2037]	928763.659058
BuildProj[Oahu_CentralTrackingPV_594_na,2021]	4088367.39855
BuildProj[Oahu_CentralTrackingPV_596_na,2037]	938475.429991
BuildProj[Oahu_CentralTrackingPV_231_na,2037]	930981.519356
BuildProj[Oahu_CentralTrackingPV_562_na,2037]	926713.268465
BuildProj[Oahu_CentralTrackingPV_275_na,2037]	930781.891573
BuildProj[Oahu_CentralTrackingPV_42_na,2037]	936768.290178
BuildProj[Oahu_CentralTrackingPV_526_na,2021]	4060563.46886
BuildProj[Oahu_OnshoreWind_405_na,2037]	1095414.91209
BuildProj[Oahu_CentralTrackingPV_478_na,2021]	4063600.34971
BuildProj[Oahu_CentralTrackingPV_254_na,2021]	4085806.18744
BuildBattery[Oahu,2021]	378579.271832
BuildBattery[Oahu,2037]	122844.580612
BuildPumpedHydroMW[Lake_Wilson,2021]	4184911.3442
BuildPumpedHydroMW[Lake_Wilson,2037]	1606672.93687
BuildAnyPumpedHydro[Lake_Wilson,2021]	0.0
BuildAnyPumpedHydro[Lake_Wilson,2037]	0.0
RFMSupplyTierActivate[Hawaii_Diesel,2021,base]	0.0
RFMSupplyTierActivate[Hawaii_LNG,2021,bulk]	823828504.126
RFMSupplyTierActivate[Hawaii_Pellet-Biomass,2037,base]	0.0
RFMSupplyTierActivate[Hawaii_LNG,2037,container]	0.0
RFMSupplyTierActivate[Hawaii_LSFO,2021,base]	0.0
RFMSupplyTierActivate[Hawaii_Coal,2037,base]	0.0
RFMSupplyTierActivate[Hawaii_Biodiesel,2037,base]	0.0
RFMSupplyTierActivate[Hawaii_LSFO-Diesel-Blend,2021,base]	0.0
RFMSupplyTierActivate[Hawaii_Diesel,2037,base]	0.0
RFMSupplyTierActivate[Hawaii_LNG,2037,bulk]	513382687.359
RFMSupplyTierActivate[Hawaii_Pellet-Biomass,2021,base]	0.0
RFMSupplyTierActivate[Hawaii_LNG,2021,container]	0.0
RFMSupplyTierActivate[Hawaii_LSFO,2037,base]	0.0
RFMSupplyTierActivate[Hawaii_Coal,2021,base]	0.0
RFMSupplyTierActivate[Hawaii_Biodiesel,2021,base]	0.0
RFMSupplyTierActivate[Hawaii_LSFO-Diesel-Blend,2037,base]	0.0
BuildElectrolyzerMW[Oahu,2021]	3251736.33206
BuildElectrolyzerMW[Oahu,2037]	1248407.99072
BuildLiquifierKgPerHour[Oahu,2021]	54938.279953
BuildLiquifierKgPerHour[Oahu,2037]	21091.9277229
BuildLiquidHydrogenTankKg[Oahu,2021]	35.3385601044
BuildLiquidHydrogenTankKg[Oahu,2037]	13.5671949387
BuildFuelCellMW[Oahu,2021]	2372343.58854
BuildFuelCellMW[Oahu,2037]	910791.155934
